citizen,age,Age class,Sex,ISO2,Country,year,count,ISO3,region,sub-region,non_eu_portion
NEU27_2020_FOR,TOTAL,Total,Total,AT,Austria,2017,683575,AUT,Europe,Western Europe,0.07791924302950062
NEU27_2020_FOR,TOTAL,Total,Total,AT,Austria,2018,698133,AUT,Europe,Western Europe,0.07913306183093302
NEU27_2020_FOR,TOTAL,Total,Total,AT,Austria,2019,703443,AUT,Europe,Western Europe,0.07940635132961386
NEU27_2020_FOR,TOTAL,Total,Total,AT,Austria,2020,711778,AUT,Europe,Western Europe,0.07996549625977299
NEU27_2020_FOR,TOTAL,Total,Total,AT,Austria,2021,719393,AUT,Europe,Western Europe,0.08053510128669342
NEU27_2020_FOR,TOTAL,Total,Total,AT,Austria,2022,741486,AUT,Europe,Western Europe,0.08258067304018107
NEU27_2020_FOR,TOTAL,Total,Total,AT,Austria,2023,842568,AUT,Europe,Western Europe,0.09254136182652349
NEU27_2020_FOR,TOTAL,Total,Total,AT,Austria,2024,878376,AUT,Europe,Western Europe,0.09590566398253036
NEU27_2020_FOR,TOTAL,Total,Total,BE,Belgium,2017,477903,BEL,Europe,Western Europe,0.04209958537586395
NEU27_2020_FOR,TOTAL,Total,Total,BE,Belgium,2018,483680,BEL,Europe,Western Europe,0.042433322229619826
NEU27_2020_FOR,TOTAL,Total,Total,BE,Belgium,2019,498570,BEL,Europe,Western Europe,0.04352225333483363
NEU27_2020_FOR,TOTAL,Total,Total,BE,Belgium,2020,515458,BEL,Europe,Western Europe,0.04473514290375997
NEU27_2020_FOR,TOTAL,Total,Total,BE,Belgium,2021,515620,BEL,Europe,Western Europe,0.04462400669784168
NEU27_2020_FOR,TOTAL,Total,Total,BE,Belgium,2022,530091,BEL,Europe,Western Europe,0.045628180566713174
NEU27_2020_FOR,TOTAL,Total,Total,BE,Belgium,2023,606611,BEL,Europe,Western Europe,0.05165814002048575
NEU27_2020_FOR,TOTAL,Total,Total,BE,Belgium,2024,636395,BEL,Europe,Western Europe,0.05385375560966924
NEU27_2020_FOR,TOTAL,Total,Total,BG,Bulgaria,2021,96496,BGR,Europe,Eastern Europe,0.014772546174540352
NEU27_2020_FOR,TOTAL,Total,Total,BG,Bulgaria,2022,52173,BGR,Europe,Eastern Europe,0.008048303705801665
NEU27_2020_FOR,TOTAL,Total,Total,BG,Bulgaria,2023,64554,BGR,Europe,Eastern Europe,0.01001192671506628
NEU27_2020_FOR,TOTAL,Total,Total,BG,Bulgaria,2024,93245,BGR,Europe,Eastern Europe,0.014466724826277512
NEU27_2020_FOR,TOTAL,Total,Total,CH,Switzerland,2017,757523,CHE,Europe,Western Europe,0.08997191061279997
NEU27_2020_FOR,TOTAL,Total,Total,CH,Switzerland,2018,768441,CHE,Europe,Western Europe,0.09057393038531941
NEU27_2020_FOR,TOTAL,Total,Total,CH,Switzerland,2019,775537,CHE,Europe,Western Europe,0.09076418156323925
NEU27_2020_FOR,TOTAL,Total,Total,CH,Switzerland,2020,784483,CHE,Europe,Western Europe,0.09115500719088575
NEU27_2020_FOR,TOTAL,Total,Total,CH,Switzerland,2021,794169,CHE,Europe,Western Europe,0.09159648455070758
NEU27_2020_FOR,TOTAL,Total,Total,CH,Switzerland,2022,804820,CHE,Europe,Western Europe,0.09209740798240855
NEU27_2020_FOR,TOTAL,Total,Total,CH,Switzerland,2023,819380,CHE,Europe,Western Europe,0.09294886156418579
NEU27_2020_FOR,TOTAL,Total,Total,CH,Switzerland,2024,895202,CHE,Europe,Western Europe,0.0998857653952832
NEU27_2020_FOR,TOTAL,Total,Total,CY,Cyprus,2015,63095,CYP,Asia,Western Asia,0.07329417805275276
NEU27_2020_FOR,TOTAL,Total,Total,CY,Cyprus,2016,62217,CYP,Asia,Western Asia,0.07203009155278525
NEU27_2020_FOR,TOTAL,Total,Total,CY,Cyprus,2017,62819,CYP,Asia,Western Asia,0.07221587395014013
NEU27_2020_FOR,TOTAL,Total,Total,CY,Cyprus,2018,64785,CYP,Asia,Western Asia,0.07373654252612961
NEU27_2020_FOR,TOTAL,Total,Total,CY,Cyprus,2019,70027,CYP,Asia,Western Asia,0.0786648752968454
NEU27_2020_FOR,TOTAL,Total,Total,CY,Cyprus,2020,77583,CYP,Asia,Western Asia,0.08597130632991626
NEU27_2020_FOR,TOTAL,Total,Total,CY,Cyprus,2021,100916,CYP,Asia,Western Asia,0.1103539075929822
NEU27_2020_FOR,TOTAL,Total,Total,CY,Cyprus,2022,108900,CYP,Asia,Western Asia,0.11712649661634565
NEU27_2020_FOR,TOTAL,Total,Total,CY,Cyprus,2023,121069,CYP,Asia,Western Asia,0.12756405123255687
NEU27_2020_FOR,TOTAL,Total,Total,CY,Cyprus,2024,133665,CYP,Asia,Western Asia,0.13831730246852897
NEU27_2020_FOR,TOTAL,Total,Total,CZ,Czechia,2017,308872,CZE,Europe,Eastern Europe,0.029197207249957936
NEU27_2020_FOR,TOTAL,Total,Total,CZ,Czechia,2018,302770,CZE,Europe,Eastern Europe,0.028536138596831025
NEU27_2020_FOR,TOTAL,Total,Total,CZ,Czechia,2019,332058,CZE,Europe,Eastern Europe,0.031179740464609664
NEU27_2020_FOR,TOTAL,Total,Total,CZ,Czechia,2020,349980,CZE,Europe,Eastern Europe,0.032726949349533414
NEU27_2020_FOR,TOTAL,Total,Total,CZ,Czechia,2021,326837,CZE,Europe,Eastern Europe,0.031142649584995897
NEU27_2020_FOR,TOTAL,Total,Total,CZ,Czechia,2022,364699,CZE,Europe,Eastern Europe,0.03467806034721705
NEU27_2020_FOR,TOTAL,Total,Total,CZ,Czechia,2023,675033,CZE,Europe,Eastern Europe,0.06234414149340999
NEU27_2020_FOR,TOTAL,Total,Total,CZ,Czechia,2024,755833,CZE,Europe,Eastern Europe,0.06933894650318263
NEU27_2020_FOR,TOTAL,Total,Total,DE,Germany,2017,5320200,DEU,Europe,Western Europe,0.06447035179966645
NEU27_2020_FOR,TOTAL,Total,Total,DE,Germany,2018,5555114,DEU,Europe,Western Europe,0.06709694715638646
NEU27_2020_FOR,TOTAL,Total,Total,DE,Germany,2019,5783895,DEU,Europe,Western Europe,0.0696693547311753
NEU27_2020_FOR,TOTAL,Total,Total,DE,Germany,2020,6009296,DEU,Europe,Western Europe,0.0722560256110164
NEU27_2020_FOR,TOTAL,Total,Total,DE,Germany,2021,6112299,DEU,Europe,Western Europe,0.07350486105885765
NEU27_2020_FOR,TOTAL,Total,Total,DE,Germany,2022,6358798,DEU,Europe,Western Europe,0.07639377352826367
NEU27_2020_FOR,TOTAL,Total,Total,DE,Germany,2023,7111518,DEU,Europe,Western Europe,0.08555878552237124
NEU27_2020_FOR,TOTAL,Total,Total,DE,Germany,2024,7680991,DEU,Europe,Western Europe,0.0920363647714195
NEU27_2020_FOR,TOTAL,Total,Total,DK,Denmark,2017,292546,DNK,Europe,Northern Europe,0.05088845977286616
NEU27_2020_FOR,TOTAL,Total,Total,DK,Denmark,2018,302843,DNK,Europe,Northern Europe,0.05238419771707901
NEU27_2020_FOR,TOTAL,Total,Total,DK,Denmark,2019,311828,DNK,Europe,Northern Europe,0.053707139118451847
NEU27_2020_FOR,TOTAL,Total,Total,DK,Denmark,2020,317024,DNK,Europe,Northern Europe,0.05444563002134897
NEU27_2020_FOR,TOTAL,Total,Total,DK,Denmark,2021,314550,DNK,Europe,Northern Europe,0.053860886345910006
NEU27_2020_FOR,TOTAL,Total,Total,DK,Denmark,2022,317962,DNK,Europe,Northern Europe,0.05413575055078643
NEU27_2020_FOR,TOTAL,Total,Total,DK,Denmark,2023,356763,DNK,Europe,Northern Europe,0.06013548068031609
NEU27_2020_FOR,TOTAL,Total,Total,DK,Denmark,2024,373390,DNK,Europe,Northern Europe,0.06263620258103629
NEU27_2020_FOR,TOTAL,Total,Total,EE,Estonia,2017,180535,EST,Europe,Northern Europe,0.1372227099461477
NEU27_2020_FOR,TOTAL,Total,Total,EE,Estonia,2018,179000,EST,Europe,Northern Europe,0.13569518767250913
NEU27_2020_FOR,TOTAL,Total,Total,EE,Estonia,2019,179100,EST,Europe,Northern Europe,0.1351881765069972
NEU27_2020_FOR,TOTAL,Total,Total,EE,Estonia,2020,179696,EST,Europe,Northern Europe,0.1352138789564296
NEU27_2020_FOR,TOTAL,Total,Total,EE,Estonia,2021,180112,EST,Europe,Northern Europe,0.13541563288493522
NEU27_2020_FOR,TOTAL,Total,Total,EE,Estonia,2022,181102,EST,Europe,Northern Europe,0.1359832887319079
NEU27_2020_FOR,TOTAL,Total,Total,EE,Estonia,2023,213742,EST,Europe,Northern Europe,0.1564862023422194
NEU27_2020_FOR,TOTAL,Total,Total,EE,Estonia,2024,223542,EST,Europe,Northern Europe,0.16261301663578692
NEU27_2020_FOR,TOTAL,Total,Total,EL,Greece,2017,620653,GRC,Europe,Southern Europe,0.0576376184936507
NEU27_2020_FOR,TOTAL,Total,Total,EL,Greece,2018,621202,GRC,Europe,Southern Europe,0.0578337638421903
NEU27_2020_FOR,TOTAL,Total,Total,EL,Greece,2019,634976,GRC,Europe,Southern Europe,0.05920743516843847
NEU27_2020_FOR,TOTAL,Total,Total,EL,Greece,2020,729979,GRC,Europe,Southern Europe,0.06810417252682611
NEU27_2020_FOR,TOTAL,Total,Total,EL,Greece,2021,752935,GRC,Europe,Southern Europe,0.07050856326915282
NEU27_2020_FOR,TOTAL,Total,Total,EL,Greece,2022,632657,GRC,Europe,Southern Europe,0.0604847213832946
NEU27_2020_FOR,TOTAL,Total,Total,EL,Greece,2023,649209,GRC,Europe,Southern Europe,0.06234013079723011
NEU27_2020_FOR,TOTAL,Total,Total,EL,Greece,2024,629136,GRC,Europe,Southern Europe,0.06048965840826404
NEU27_2020_FOR,TOTAL,Total,Total,ES,Spain,2014,3023255,ESP,Europe,Southern Europe,0.06502218783723517
NEU27_2020_FOR,TOTAL,Total,Total,ES,Spain,2015,2849632,ESP,Europe,Southern Europe,0.061380456291019014
NEU27_2020_FOR,TOTAL,Total,Total,ES,Spain,2016,2836565,ESP,Europe,Southern Europe,0.06110799647832981
NEU27_2020_FOR,TOTAL,Total,Total,ES,Spain,2017,2847151,ESP,Europe,Southern Europe,0.061232486733180935
NEU27_2020_FOR,TOTAL,Total,Total,ES,Spain,2018,3005335,ESP,Europe,Southern Europe,0.06442985292979515
NEU27_2020_FOR,TOTAL,Total,Total,ES,Spain,2019,3257680,ESP,Europe,Southern Europe,0.06943207234108878
NEU27_2020_FOR,TOTAL,Total,Total,ES,Spain,2020,3619200,ESP,Europe,Southern Europe,0.07648666840666511
NEU27_2020_FOR,TOTAL,Total,Total,ES,Spain,2021,3771839,ESP,Europe,Southern Europe,0.07957332279511413
NEU27_2020_FOR,TOTAL,Total,Total,ES,Spain,2022,3859102,ESP,Europe,Southern Europe,0.08126676266939876
NEU27_2020_FOR,TOTAL,Total,Total,ES,Spain,2023,4394884,ESP,Europe,Southern Europe,0.09139754612635642
NEU27_2020_FOR,TOTAL,Total,Total,ES,Spain,2024,4773620,ESP,Europe,Southern Europe,0.09818284544977092
NEU27_2020_FOR,TOTAL,Total,Total,FI,Finland,2017,148319,FIN,Europe,Northern Europe,0.02695093504857179
NEU27_2020_FOR,TOTAL,Total,Total,FI,Finland,2018,153009,FIN,Europe,Northern Europe,0.027753562858122336
NEU27_2020_FOR,TOTAL,Total,Total,FI,Finland,2019,159675,FIN,Europe,Northern Europe,0.028937539677548727
NEU27_2020_FOR,TOTAL,Total,Total,FI,Finland,2020,168457,FIN,Europe,Northern Europe,0.03048834342148795
NEU27_2020_FOR,TOTAL,Total,Total,FI,Finland,2021,177233,FIN,Europe,Northern Europe,0.03202739965155907
NEU27_2020_FOR,TOTAL,Total,Total,FI,Finland,2022,190431,FIN,Europe,Northern Europe,0.0343227700454973
NEU27_2020_FOR,TOTAL,Total,Total,FI,Finland,2023,214741,FIN,Europe,Northern Europe,0.03859492412791586
NEU27_2020_FOR,TOTAL,Total,Total,FI,Finland,2024,262151,FIN,Europe,Northern Europe,0.04678050861809138
NEU27_2020_FOR,TOTAL,Total,Total,FR,France,2015,3082641,FRA,Europe,Western Europe,0.0463846926350782
NEU27_2020_FOR,TOTAL,Total,Total,FR,France,2016,3169431,FRA,Europe,Western Europe,0.04756163755514445
NEU27_2020_FOR,TOTAL,Total,Total,FR,France,2017,3195228,FRA,Europe,Western Europe,0.047825726686629405
NEU27_2020_FOR,TOTAL,Total,Total,FR,France,2018,3527215,FRA,Europe,Western Europe,0.05262440265171435
NEU27_2020_FOR,TOTAL,Total,Total,FR,France,2019,3614558,FRA,Europe,Western Europe,0.053715748252081634
NEU27_2020_FOR,TOTAL,Total,Total,FR,France,2020,3744600,FRA,Europe,Western Europe,0.055497219203389486
NEU27_2020_FOR,TOTAL,Total,Total,FR,France,2021,3849752,FRA,Europe,Western Europe,0.05684088876646558
NEU27_2020_FOR,TOTAL,Total,Total,FR,France,2022,3978870,FRA,Europe,Western Europe,0.05843399158337984
NEU27_2020_FOR,TOTAL,Total,Total,FR,France,2023,4086947,FRA,Europe,Western Europe,0.059858143002621225
NEU27_2020_FOR,TOTAL,Total,Total,FR,France,2024,4451597,FRA,Europe,Western Europe,0.0650177963625939
NEU27_2020_FOR,TOTAL,Total,Total,HR,Croatia,2021,18486,HRV,Europe,Southern Europe,0.004748491276451788
NEU27_2020_FOR,TOTAL,Total,Total,HR,Croatia,2022,24590,HRV,Europe,Southern Europe,0.006366664465908311
NEU27_2020_FOR,TOTAL,Total,Total,HR,Croatia,2023,54714,HRV,Europe,Southern Europe,0.014208129333084733
NEU27_2020_FOR,TOTAL,Total,Total,HR,Croatia,2024,95544,HRV,Europe,Southern Europe,0.024739724601478986
NEU27_2020_FOR,TOTAL,Total,Total,HU,Hungary,2014,59480,HUN,Europe,Eastern Europe,0.006038445650486684
NEU27_2020_FOR,TOTAL,Total,Total,HU,Hungary,2015,64821,HUN,Europe,Eastern Europe,0.006603701887292991
NEU27_2020_FOR,TOTAL,Total,Total,HU,Hungary,2016,71062,HUN,Europe,Eastern Europe,0.007266311725611504
NEU27_2020_FOR,TOTAL,Total,Total,HU,Hungary,2017,71414,HUN,Europe,Eastern Europe,0.007332140502678838
NEU27_2020_FOR,TOTAL,Total,Total,HU,Hungary,2018,83418,HUN,Europe,Eastern Europe,0.00858770462817549
NEU27_2020_FOR,TOTAL,Total,Total,HU,Hungary,2019,106145,HUN,Europe,Eastern Europe,0.01094247666457188
NEU27_2020_FOR,TOTAL,Total,Total,HU,Hungary,2020,118534,HUN,Europe,Eastern Europe,0.012233398724541189
NEU27_2020_FOR,TOTAL,Total,Total,HU,Hungary,2021,118400,HUN,Europe,Eastern Europe,0.012267572754011025
NEU27_2020_FOR,TOTAL,Total,Total,HU,Hungary,2022,123251,HUN,Europe,Eastern Europe,0.012824748348222234
NEU27_2020_FOR,TOTAL,Total,Total,HU,Hungary,2023,142320,HUN,Europe,Eastern Europe,0.014825395343875837
NEU27_2020_FOR,TOTAL,Total,Total,HU,Hungary,2024,166171,HUN,Europe,Eastern Europe,0.017337242231752995
NEU27_2020_FOR,TOTAL,Total,Total,IE,Ireland,2017,142157,IRL,Europe,Northern Europe,0.029621243897626187
NEU27_2020_FOR,TOTAL,Total,Total,IE,Ireland,2018,159721,IRL,Europe,Northern Europe,0.0328932830532486
NEU27_2020_FOR,TOTAL,Total,Total,IE,Ireland,2019,182846,IRL,Europe,Northern Europe,0.03701103027724368
NEU27_2020_FOR,TOTAL,Total,Total,IE,Ireland,2020,208335,IRL,Europe,Northern Europe,0.04156226309699557
NEU27_2020_FOR,TOTAL,Total,Total,IE,Ireland,2021,315091,IRL,Europe,Northern Europe,0.06218623523330767
NEU27_2020_FOR,TOTAL,Total,Total,IE,Ireland,2022,322879,IRL,Europe,Northern Europe,0.0626429274173662
NEU27_2020_FOR,TOTAL,Total,Total,IE,Ireland,2023,410785,IRL,Europe,Northern Europe,0.07792719005121035
NEU27_2020_FOR,TOTAL,Total,Total,IE,Ireland,2024,459886,IRL,Europe,Northern Europe,0.08593299936973074
NEU27_2020_FOR,TOTAL,Total,Total,IS,Iceland,2017,5869,ISL,Europe,Northern Europe,0.017345994816003595
NEU27_2020_FOR,TOTAL,Total,Total,IS,Iceland,2018,6733,ISL,Europe,Northern Europe,0.01932271488018367
NEU27_2020_FOR,TOTAL,Total,Total,IS,Iceland,2019,7715,ISL,Europe,Northern Europe,0.021611189077595794
NEU27_2020_FOR,TOTAL,Total,Total,IS,Iceland,2020,8872,ISL,Europe,Northern Europe,0.02436465696694074
NEU27_2020_FOR,TOTAL,Total,Total,IS,Iceland,2021,10148,ISL,Europe,Northern Europe,0.027516865875615523
NEU27_2020_FOR,TOTAL,Total,Total,IS,Iceland,2022,11208,ISL,Europe,Northern Europe,0.02978886266505071
NEU27_2020_FOR,TOTAL,Total,Total,IS,Iceland,2023,15519,ISL,Europe,Northern Europe,0.04002238509585876
NEU27_2020_FOR,TOTAL,Total,Total,IS,Iceland,2024,17689,ISL,Europe,Northern Europe,0.04611710600755539
NEU27_2020_FOR,TOTAL,Total,Total,IT,Italy,2014,3429932,ITA,Europe,Southern Europe,0.05683784704108482
NEU27_2020_FOR,TOTAL,Total,Total,IT,Italy,2015,3462717,ITA,Europe,Southern Europe,0.05742911448262878
NEU27_2020_FOR,TOTAL,Total,Total,IT,Italy,2016,3391669,ITA,Europe,Southern Europe,0.05637399833308158
NEU27_2020_FOR,TOTAL,Total,Total,IT,Italy,2017,3366982,ITA,Europe,Southern Europe,0.05605402151546978
NEU27_2020_FOR,TOTAL,Total,Total,IT,Italy,2018,3420412,ITA,Europe,Southern Europe,0.057066054627425325
NEU27_2020_FOR,TOTAL,Total,Total,IT,Italy,2019,3522728,ITA,Europe,Southern Europe,0.05889207512427179
NEU27_2020_FOR,TOTAL,Total,Total,IT,Italy,2020,3564232,ITA,Europe,Southern Europe,0.05976095029688059
NEU27_2020_FOR,TOTAL,Total,Total,IT,Italy,2021,3764839,ITA,Europe,Southern Europe,0.06355637555695871
NEU27_2020_FOR,TOTAL,Total,Total,IT,Italy,2022,3640764,ITA,Europe,Southern Europe,0.06167636451030866
NEU27_2020_FOR,TOTAL,Total,Total,IT,Italy,2023,3746916,ITA,Europe,Southern Europe,0.06351006380794234
NEU27_2020_FOR,TOTAL,Total,Total,IT,Italy,2024,3863529,ITA,Europe,Southern Europe,0.0655154895022539
NEU27_2020_FOR,TOTAL,Total,Total,LI,Liechtenstein,2017,6109,LIE,Europe,Western Europe,0.16157101295953452
NEU27_2020_FOR,TOTAL,Total,Total,LI,Liechtenstein,2018,6149,LIE,Europe,Western Europe,0.16133179409141
NEU27_2020_FOR,TOTAL,Total,Total,LI,Liechtenstein,2019,6194,LIE,Europe,Western Europe,0.16139454896034186
NEU27_2020_FOR,TOTAL,Total,Total,LI,Liechtenstein,2020,6314,LIE,Europe,Western Europe,0.1629545513201022
NEU27_2020_FOR,TOTAL,Total,Total,LI,Liechtenstein,2021,6398,LIE,Europe,Western Europe,0.16382025348866983
NEU27_2020_FOR,TOTAL,Total,Total,LI,Liechtenstein,2022,6444,LIE,Europe,Western Europe,0.16393609443370305
NEU27_2020_FOR,TOTAL,Total,Total,LI,Liechtenstein,2023,6473,LIE,Europe,Western Europe,0.1631423746755047
NEU27_2020_FOR,TOTAL,Total,Total,LI,Liechtenstein,2024,6488,LIE,Europe,Western Europe,0.1621391978008247
NEU27_2020_FOR,TOTAL,Total,Total,LT,Lithuania,2014,16540,LTU,Europe,Northern Europe,0.005610846097951668
NEU27_2020_FOR,TOTAL,Total,Total,LT,Lithuania,2015,16910,LTU,Europe,Northern Europe,0.0057779490775099395
NEU27_2020_FOR,TOTAL,Total,Total,LT,Lithuania,2016,16347,LTU,Europe,Northern Europe,0.0056455147219565864
NEU27_2020_FOR,TOTAL,Total,Total,LT,Lithuania,2017,16297,LTU,Europe,Northern Europe,0.0057000913231787746
NEU27_2020_FOR,TOTAL,Total,Total,LT,Lithuania,2018,16875,LTU,Europe,Northern Europe,0.005970915009553464
NEU27_2020_FOR,TOTAL,Total,Total,LT,Lithuania,2019,18235,LTU,Europe,Northern Europe,0.0064842472085911386
NEU27_2020_FOR,TOTAL,Total,Total,LT,Lithuania,2020,18719,LTU,Europe,Northern Europe,0.006661620362017198
NEU27_2020_FOR,TOTAL,Total,Total,LT,Lithuania,2021,16624,LTU,Europe,Northern Europe,0.005914412502521559
NEU27_2020_FOR,TOTAL,Total,Total,LT,Lithuania,2022,30591,LTU,Europe,Northern Europe,0.010902003493944044
NEU27_2020_FOR,TOTAL,Total,Total,LT,Lithuania,2023,94447,LTU,Europe,Northern Europe,0.03305487493520934
NEU27_2020_FOR,TOTAL,Total,Total,LT,Lithuania,2024,131513,LTU,Europe,Northern Europe,0.04557102122013617
NEU27_2020_FOR,TOTAL,Total,Total,LU,Luxembourg,2017,46906,LUX,Europe,Western Europe,0.07941191906776576
NEU27_2020_FOR,TOTAL,Total,Total,LU,Luxembourg,2018,49379,LUX,Europe,Western Europe,0.08202423567910566
NEU27_2020_FOR,TOTAL,Total,Total,LU,Luxembourg,2019,50796,LUX,Europe,Western Europe,0.08274392647590627
NEU27_2020_FOR,TOTAL,Total,Total,LU,Luxembourg,2020,53527,LUX,Europe,Western Europe,0.08549164041986367
NEU27_2020_FOR,TOTAL,Total,Total,LU,Luxembourg,2021,54890,LUX,Europe,Western Europe,0.0864777149339089
NEU27_2020_FOR,TOTAL,Total,Total,LU,Luxembourg,2022,57916,LUX,Europe,Western Europe,0.08973701458172256
NEU27_2020_FOR,TOTAL,Total,Total,LU,Luxembourg,2023,67313,LUX,Europe,Western Europe,0.10186453271671542
NEU27_2020_FOR,TOTAL,Total,Total,LU,Luxembourg,2024,71825,LUX,Europe,Western Europe,0.10687448850531954
NEU27_2020_FOR,TOTAL,Total,Total,LV,Latvia,2017,273603,LVA,Europe,Northern Europe,0.14030088466532248
NEU27_2020_FOR,TOTAL,Total,Total,LV,Latvia,2018,266450,LVA,Europe,Northern Europe,0.13774446476104218
NEU27_2020_FOR,TOTAL,Total,Total,LV,Latvia,2019,260333,LVA,Europe,Northern Europe,0.13559236403940067
NEU27_2020_FOR,TOTAL,Total,Total,LV,Latvia,2020,253972,LVA,Europe,Northern Europe,0.1331316917189773
NEU27_2020_FOR,TOTAL,Total,Total,LV,Latvia,2021,245962,LVA,Europe,Northern Europe,0.12991707791422352
NEU27_2020_FOR,TOTAL,Total,Total,LV,Latvia,2022,238253,LVA,Europe,Northern Europe,0.1270169856756499
NEU27_2020_FOR,TOTAL,Total,Total,LV,Latvia,2023,255171,LVA,Europe,Northern Europe,0.135512435422473
NEU27_2020_FOR,TOTAL,Total,Total,LV,Latvia,2024,251201,LVA,Europe,Northern Europe,0.13419702737672567
NEU27_2020_FOR,TOTAL,Total,Total,MT,Malta,2021,74063,MLT,Europe,Southern Europe,0.1434981835795592
NEU27_2020_FOR,TOTAL,Total,Total,MT,Malta,2022,75967,MLT,Europe,Southern Europe,0.146041516877045
NEU27_2020_FOR,TOTAL,Total,Total,MT,Malta,2023,94766,MLT,Europe,Southern Europe,0.17482856779159156
NEU27_2020_FOR,TOTAL,Total,Total,MT,Malta,2024,114670,MLT,Europe,Southern Europe,0.2035165935152269
NEU27_2020_FOR,TOTAL,Total,Total,NL,Netherlands,2017,458687,NLD,Europe,Western Europe,0.026852841496947548
NEU27_2020_FOR,TOTAL,Total,Total,NL,Netherlands,2018,497210,NLD,Europe,Western Europe,0.028939384732651327
NEU27_2020_FOR,TOTAL,Total,Total,NL,Netherlands,2019,534805,NLD,Europe,Western Europe,0.030945489867211646
NEU27_2020_FOR,TOTAL,Total,Total,NL,Netherlands,2020,577660,NLD,Europe,Western Europe,0.03318438485292474
NEU27_2020_FOR,TOTAL,Total,Total,NL,Netherlands,2021,565821,NLD,Europe,Western Europe,0.0323781151978365
NEU27_2020_FOR,TOTAL,Total,Total,NL,Netherlands,2022,574038,NLD,Europe,Western Europe,0.032633090992771625
NEU27_2020_FOR,TOTAL,Total,Total,NL,Netherlands,2023,713511,NLD,Europe,Western Europe,0.040059476879020166
NEU27_2020_FOR,TOTAL,Total,Total,NL,Netherlands,2024,773602,NLD,Europe,Western Europe,0.0431145572448487
NEU27_2020_FOR,TOTAL,Total,Total,NO,Norway,2014,192711,NOR,Europe,Northern Europe,0.03771949260293878
NEU27_2020_FOR,TOTAL,Total,Total,NO,Norway,2015,198486,NOR,Europe,Northern Europe,0.0384230754488848
NEU27_2020_FOR,TOTAL,Total,Total,NO,Norway,2016,208918,NOR,Europe,Northern Europe,0.04006877656916926
NEU27_2020_FOR,TOTAL,Total,Total,NO,Norway,2017,223679,NOR,Europe,Northern Europe,0.04253813530070553
NEU27_2020_FOR,TOTAL,Total,Total,NO,Norway,2018,227631,NOR,Europe,Northern Europe,0.042984776661614064
NEU27_2020_FOR,TOTAL,Total,Total,NO,Norway,2019,237806,NOR,Europe,Northern Europe,0.044631482380956315
NEU27_2020_FOR,TOTAL,Total,Total,NO,Norway,2020,246656,NOR,Europe,Northern Europe,0.045952924781745216
NEU27_2020_FOR,TOTAL,Total,Total,NO,Norway,2021,239292,NOR,Europe,Northern Europe,0.04438427419826022
NEU27_2020_FOR,TOTAL,Total,Total,NO,Norway,2022,223426,NOR,Europe,Northern Europe,0.0411824664947551
NEU27_2020_FOR,TOTAL,Total,Total,NO,Norway,2023,250632,NOR,Europe,Northern Europe,0.04566090919558155
NEU27_2020_FOR,TOTAL,Total,Total,NO,Norway,2024,273511,NOR,Europe,Northern Europe,0.049279334483678744
NEU27_2020_FOR,TOTAL,Total,Total,PL,Poland,2017,182577,POL,Europe,Eastern Europe,0.004808078716215042
NEU27_2020_FOR,TOTAL,Total,Total,PL,Poland,2018,210991,POL,Europe,Eastern Europe,0.005555803222118875
NEU27_2020_FOR,TOTAL,Total,Total,PL,Poland,2019,260165,POL,Europe,Eastern Europe,0.006851349328566975
NEU27_2020_FOR,TOTAL,Total,Total,PL,Poland,2020,324443,POL,Europe,Eastern Europe,0.008547389758686266
NEU27_2020_FOR,TOTAL,Total,Total,PL,Poland,2021,413890,POL,Europe,Eastern Europe,0.011164082065727148
NEU27_2020_FOR,TOTAL,Total,Total,PL,Poland,2022,408327,POL,Europe,Eastern Europe,0.011068843736884064
NEU27_2020_FOR,TOTAL,Total,Total,PL,Poland,2023,402782,POL,Europe,Eastern Europe,0.010958940337385021
NEU27_2020_FOR,TOTAL,Total,Total,PL,Poland,2024,397205,POL,Europe,Eastern Europe,0.010846381185424634
NEU27_2020_FOR,TOTAL,Total,Total,PT,Portugal,2014,294036,PRT,Europe,Southern Europe,0.028153333003960515
NEU27_2020_FOR,TOTAL,Total,Total,PT,Portugal,2015,283714,PRT,Europe,Southern Europe,0.027292996397059736
NEU27_2020_FOR,TOTAL,Total,Total,PT,Portugal,2016,273484,PRT,Europe,Southern Europe,0.02637629123598141
NEU27_2020_FOR,TOTAL,Total,Total,PT,Portugal,2017,271852,PRT,Europe,Southern Europe,0.026279914752585874
NEU27_2020_FOR,TOTAL,Total,Total,PT,Portugal,2018,274006,PRT,Europe,Southern Europe,0.026510458340307495
NEU27_2020_FOR,TOTAL,Total,Total,PT,Portugal,2019,309922,PRT,Europe,Southern Europe,0.029991979481097202
NEU27_2020_FOR,TOTAL,Total,Total,PT,Portugal,2020,375005,PRT,Europe,Southern Europe,0.036143684168169016
NEU27_2020_FOR,TOTAL,Total,Total,PT,Portugal,2021,442189,PRT,Europe,Southern Europe,0.04254150136368049
NEU27_2020_FOR,TOTAL,Total,Total,PT,Portugal,2022,479332,PRT,Europe,Southern Europe,0.04599622094253428
NEU27_2020_FOR,TOTAL,Total,Total,PT,Portugal,2023,614508,PRT,Europe,Southern Europe,0.058432076234372236
NEU27_2020_FOR,TOTAL,Total,Total,PT,Portugal,2024,866111,PRT,Europe,Southern Europe,0.08140350606773145
NEU27_2020_FOR,TOTAL,Total,Total,RO,Romania,2017,62820,ROU,Europe,Eastern Europe,0.003197931332442372
NEU27_2020_FOR,TOTAL,Total,Total,RO,Romania,2018,59673,ROU,Europe,Eastern Europe,0.003054908646339073
NEU27_2020_FOR,TOTAL,Total,Total,RO,Romania,2019,62989,ROU,Europe,Eastern Europe,0.003244437727800591
NEU27_2020_FOR,TOTAL,Total,Total,RO,Romania,2020,79402,ROU,Europe,Eastern Europe,0.004107955170403932
NEU27_2020_FOR,TOTAL,Total,Total,RO,Romania,2021,83783,ROU,Europe,Eastern Europe,0.004363320216760403
NEU27_2020_FOR,TOTAL,Total,Total,RO,Romania,2023,158506,ROU,Europe,Eastern Europe,0.008318538965080672
NEU27_2020_FOR,TOTAL,Total,Total,RO,Romania,2024,172291,ROU,Europe,Eastern Europe,0.009035810320095223
NEU27_2020_FOR,TOTAL,Total,Total,SE,Sweden,2017,525253,SWE,Europe,Northern Europe,0.052550771358877646
NEU27_2020_FOR,TOTAL,Total,Total,SE,Sweden,2018,563881,SWE,Europe,Northern Europe,0.055718134013000874
NEU27_2020_FOR,TOTAL,Total,Total,SE,Sweden,2019,598363,SWE,Europe,Northern Europe,0.05848994910649221
NEU27_2020_FOR,TOTAL,Total,Total,SE,Sweden,2020,604332,SWE,Europe,Northern Europe,0.05851627131947253
NEU27_2020_FOR,TOTAL,Total,Total,SE,Sweden,2021,578657,SWE,Europe,Northern Europe,0.0557510890672247
NEU27_2020_FOR,TOTAL,Total,Total,SE,Sweden,2022,556363,SWE,Europe,Northern Europe,0.053228630641639
NEU27_2020_FOR,TOTAL,Total,Total,SE,Sweden,2023,535246,SWE,Europe,Northern Europe,0.05087137301745103
NEU27_2020_FOR,TOTAL,Total,Total,SE,Sweden,2024,512595,SWE,Europe,Northern Europe,0.04857934360762671
NEU27_2020_FOR,TOTAL,Total,Total,SI,Slovenia,2017,96197,SVN,Europe,Southern Europe,0.04656432200087613
NEU27_2020_FOR,TOTAL,Total,Total,SI,Slovenia,2018,102858,SVN,Europe,Southern Europe,0.04976486298188574
NEU27_2020_FOR,TOTAL,Total,Total,SI,Slovenia,2019,118088,SVN,Europe,Southern Europe,0.0567483041057077
NEU27_2020_FOR,TOTAL,Total,Total,SI,Slovenia,2020,135474,SVN,Europe,Southern Europe,0.06463882862460822
NEU27_2020_FOR,TOTAL,Total,Total,SI,Slovenia,2021,147531,SVN,Europe,Southern Europe,0.06995382121284395
NEU27_2020_FOR,TOTAL,Total,Total,SI,Slovenia,2022,151250,SVN,Europe,Southern Europe,0.07177839577065082
NEU27_2020_FOR,TOTAL,Total,Total,SI,Slovenia,2023,168971,SVN,Europe,Southern Europe,0.07981730509425727
NEU27_2020_FOR,TOTAL,Total,Total,SI,Slovenia,2024,182415,SVN,Europe,Southern Europe,0.08588483056796561
NEU27_2020_FOR,TOTAL,Total,Total,SK,Slovakia,2017,16575,SVK,Europe,Eastern Europe,0.0030494855614447884
NEU27_2020_FOR,TOTAL,Total,Total,SK,Slovakia,2018,17448,SVK,Europe,Eastern Europe,0.003205514484339864
NEU27_2020_FOR,TOTAL,Total,Total,SK,Slovakia,2019,18483,SVK,Europe,Eastern Europe,0.0033911141909955212
NEU27_2020_FOR,TOTAL,Total,Total,SK,Slovakia,2020,19491,SVK,Europe,Eastern Europe,0.003571171406883231
NEU27_2020_FOR,TOTAL,Total,Total,SK,Slovakia,2021,20468,SVK,Europe,Eastern Europe,0.0037488683154141165
NEU27_2020_FOR,TOTAL,Total,Total,SK,Slovakia,2022,22217,SVK,Europe,Eastern Europe,0.004087981111050595
NEU27_2020_FOR,TOTAL,Total,Total,SK,Slovakia,2023,22555,SVK,Europe,Eastern Europe,0.004154699609047464
NEU27_2020_FOR,TOTAL,Total,Total,SK,Slovakia,2024,23580,SVK,Europe,Eastern Europe,0.0043467945708204
NEU27_2020_FOR,TOTAL,Total,Total,TR,Türkiye,2019,1073583,TUR,Asia,Western Asia,0.013091855822142664
NEU27_2020_FOR,TOTAL,Total,Total,TR,Türkiye,2020,1371636,TUR,Asia,Western Asia,0.016494931747757745
NEU27_2020_FOR,TOTAL,Total,Total,TR,Türkiye,2023,1626684,TUR,Asia,Western Asia,0.019074724746739703
NEU27_2020_FOR,TOTAL,Total,Total,TR,Türkiye,2024,1371425,TUR,Asia,Western Asia,0.01606403673169367
NEU27_2020_FOR,TOTAL,Total,Total,UK,United Kingdom,2017,2445610,GBR,Europe,Northern Europe,0.037142408203906734
NEU27_2020_FOR,TOTAL,Total,Total,UK,United Kingdom,2018,2425737,GBR,Europe,Northern Europe,0.03660187281881394
NEU27_2020_FOR,TOTAL,Total,Total,UK,United Kingdom,2019,2490089,GBR,Europe,Northern Europe,0.03736229410810779
NEU28_FOR,TOTAL,Total,Total,AT,Austria,2014,539292,AUT,Europe,Western Europe,0.06338805418942131
NEU28_FOR,TOTAL,Total,Total,AT,Austria,2015,566370,AUT,Europe,Western Europe,0.06597261292642476
NEU28_FOR,TOTAL,Total,Total,AT,Austria,2016,639645,AUT,Europe,Western Europe,0.07351843365721235
NEU28_FOR,TOTAL,Total,Total,AT,Austria,2017,673207,AUT,Europe,Western Europe,0.07673741702397108
NEU28_FOR,TOTAL,Total,Total,AT,Austria,2018,687452,AUT,Europe,Western Europe,0.07792237528063932
NEU28_FOR,TOTAL,Total,Total,AT,Austria,2019,692473,AUT,Europe,Western Europe,0.07816803113297267
NEU28_FOR,TOTAL,Total,Total,AT,Austria,2020,700601,AUT,Europe,Western Europe,0.07870980368189691
NEU28_FOR,TOTAL,Total,Total,BE,Belgium,2014,410127,BEL,Europe,Western Europe,0.03668123325259998
NEU28_FOR,TOTAL,Total,Total,BE,Belgium,2015,419822,BEL,Europe,Western Europe,0.03735977248574699
NEU28_FOR,TOTAL,Total,Total,BE,Belgium,2016,450827,BEL,Europe,Western Europe,0.039856983178584396
NEU28_FOR,TOTAL,Total,Total,BE,Belgium,2017,455108,BEL,Europe,Western Europe,0.04009152087607463
NEU28_FOR,TOTAL,Total,Total,BE,Belgium,2018,462435,BEL,Europe,Western Europe,0.04056949504890474
NEU28_FOR,TOTAL,Total,Total,BE,Belgium,2019,478327,BEL,Europe,Western Europe,0.04175515749220965
NEU28_FOR,TOTAL,Total,Total,BE,Belgium,2020,496596,BEL,Europe,Western Europe,0.043098163236258986
NEU28_FOR,TOTAL,Total,Total,BG,Bulgaria,2014,39760,BGR,Europe,Eastern Europe,0.005586268009075719
NEU28_FOR,TOTAL,Total,Total,BG,Bulgaria,2015,49881,BGR,Europe,Eastern Europe,0.007095760979502652
NEU28_FOR,TOTAL,Total,Total,BG,Bulgaria,2016,56914,BGR,Europe,Eastern Europe,0.008202331281429432
NEU28_FOR,TOTAL,Total,Total,BG,Bulgaria,2017,61718,BGR,Europe,Eastern Europe,0.009010561035097652
NEU28_FOR,TOTAL,Total,Total,BG,Bulgaria,2018,67915,BGR,Europe,Eastern Europe,0.010050436424089792
NEU28_FOR,TOTAL,Total,Total,BG,Bulgaria,2019,76291,BGR,Europe,Eastern Europe,0.011447925227676277
NEU28_FOR,TOTAL,Total,Total,BG,Bulgaria,2020,85287,BGR,Europe,Eastern Europe,0.012982711181979746
NEU28_FOR,TOTAL,Total,Total,CH,Switzerland,2014,663337,CHE,Europe,Western Europe,0.08149472623513278
NEU28_FOR,TOTAL,Total,Total,CH,Switzerland,2015,674074,CHE,Europe,Western Europe,0.08182827514492576
NEU28_FOR,TOTAL,Total,Total,CH,Switzerland,2016,689304,CHE,Europe,Western Europe,0.08277813978075989
NEU28_FOR,TOTAL,Total,Total,CH,Switzerland,2017,716052,CHE,Europe,Western Europe,0.08504635045815988
NEU28_FOR,TOTAL,Total,Total,CH,Switzerland,2018,727066,CHE,Europe,Western Europe,0.08569717814319205
NEU28_FOR,TOTAL,Total,Total,CH,Switzerland,2019,734172,CHE,Europe,Western Europe,0.08592307099035441
NEU28_FOR,TOTAL,Total,Total,CH,Switzerland,2020,742749,CHE,Europe,Western Europe,0.08630561839583929
NEU28_FOR,TOTAL,Total,Total,CY,Cyprus,2014,64895,CYP,Asia,Western Asia,0.07545649464205983
NEU28_FOR,TOTAL,Total,Total,CY,Cyprus,2015,63095,CYP,Asia,Western Asia,0.07329417805275276
NEU28_FOR,TOTAL,Total,Total,CY,Cyprus,2016,62217,CYP,Asia,Western Asia,0.07203009155278525
NEU28_FOR,TOTAL,Total,Total,CY,Cyprus,2017,62819,CYP,Asia,Western Asia,0.07221587395014013
NEU28_FOR,TOTAL,Total,Total,CY,Cyprus,2018,64785,CYP,Asia,Western Asia,0.07373654252612961
NEU28_FOR,TOTAL,Total,Total,CY,Cyprus,2019,70027,CYP,Asia,Western Asia,0.0786648752968454
NEU28_FOR,TOTAL,Total,Total,CY,Cyprus,2020,77583,CYP,Asia,Western Asia,0.08597130632991626
NEU28_FOR,TOTAL,Total,Total,CZ,Czechia,2014,261302,CZE,Europe,Eastern Europe,0.024856505434191694
NEU28_FOR,TOTAL,Total,Total,CZ,Czechia,2015,272993,CZE,Europe,Eastern Europe,0.025904903791180246
NEU28_FOR,TOTAL,Total,Total,CZ,Czechia,2016,280907,CZE,Europe,Eastern Europe,0.02661656043206252
NEU28_FOR,TOTAL,Total,Total,CZ,Czechia,2017,302579,CZE,Europe,Eastern Europe,0.028602339391349887
NEU28_FOR,TOTAL,Total,Total,CZ,Czechia,2018,296072,CZE,Europe,Eastern Europe,0.027904850634610283
NEU28_FOR,TOTAL,Total,Total,CZ,Czechia,2019,324947,CZE,Europe,Eastern Europe,0.030512028394899436
NEU28_FOR,TOTAL,Total,Total,CZ,Czechia,2020,341646,CZE,Europe,Eastern Europe,0.0319476294001677
NEU28_FOR,TOTAL,Total,Total,DE,Germany,2014,3826401,DEU,Europe,Western Europe,0.04737552546376256
NEU28_FOR,TOTAL,Total,Total,DE,Germany,2015,4055321,DEU,Europe,Western Europe,0.049943891771002856
NEU28_FOR,TOTAL,Total,Total,DE,Germany,2016,4840650,DEU,Europe,Western Europe,0.05890611144776112
NEU28_FOR,TOTAL,Total,Total,DE,Germany,2017,5223701,DEU,Europe,Western Europe,0.06330097386682257
NEU28_FOR,TOTAL,Total,Total,DE,Germany,2018,5462268,DEU,Europe,Western Europe,0.06597551505694046
NEU28_FOR,TOTAL,Total,Total,DE,Germany,2019,5694104,DEU,Europe,Western Europe,0.0685877858177239
NEU28_FOR,TOTAL,Total,Total,DE,Germany,2020,5932244,DEU,Europe,Western Europe,0.07132954915098182
NEU28_FOR,TOTAL,Total,Total,DK,Denmark,2014,233023,DNK,Europe,Northern Europe,0.041409857594360285
NEU28_FOR,TOTAL,Total,Total,DK,Denmark,2015,244380,DNK,Europe,Northern Europe,0.04317885264540706
NEU28_FOR,TOTAL,Total,Total,DK,Denmark,2016,267192,DNK,Europe,Northern Europe,0.0468162342956355
NEU28_FOR,TOTAL,Total,Total,DK,Denmark,2017,274990,DNK,Europe,Northern Europe,0.04783458858757414
NEU28_FOR,TOTAL,Total,Total,DK,Denmark,2018,284537,DNK,Europe,Northern Europe,0.04921772161094861
NEU28_FOR,TOTAL,Total,Total,DK,Denmark,2019,292993,DNK,Europe,Northern Europe,0.050463126504780076
NEU28_FOR,TOTAL,Total,Total,DK,Denmark,2020,298005,DNK,Europe,Northern Europe,0.05117931126511589
NEU28_FOR,TOTAL,Total,Total,EE,Estonia,2014,187087,EST,Europe,Northern Europe,0.1421829294150639
NEU28_FOR,TOTAL,Total,Total,EE,Estonia,2015,183276,EST,Europe,Northern Europe,0.13938716375002852
NEU28_FOR,TOTAL,Total,Total,EE,Estonia,2016,182266,EST,Europe,Northern Europe,0.13850589386782416
NEU28_FOR,TOTAL,Total,Total,EE,Estonia,2017,179888,EST,Europe,Northern Europe,0.1367309322114416
NEU28_FOR,TOTAL,Total,Total,EE,Estonia,2018,178270,EST,Europe,Northern Europe,0.13514179389038103
NEU28_FOR,TOTAL,Total,Total,EE,Estonia,2019,178267,EST,Europe,Northern Europe,0.13455941184462794
NEU28_FOR,TOTAL,Total,Total,EE,Estonia,2020,178791,EST,Europe,Northern Europe,0.1345329035287319
NEU28_FOR,TOTAL,Total,Total,EL,Greece,2014,662335,GRC,Europe,Southern Europe,0.06061560344206684
NEU28_FOR,TOTAL,Total,Total,EL,Greece,2015,623246,GRC,Europe,Southern Europe,0.05739961013142546
NEU28_FOR,TOTAL,Total,Total,EL,Greece,2016,591693,GRC,Europe,Southern Europe,0.054868956507514825
NEU28_FOR,TOTAL,Total,Total,EL,Greece,2017,604813,GRC,Europe,Southern Europe,0.05616661959903579
NEU28_FOR,TOTAL,Total,Total,EL,Greece,2018,604904,GRC,Europe,Southern Europe,0.05631642377712287
NEU28_FOR,TOTAL,Total,Total,EL,Greece,2019,618522,GRC,Europe,Southern Europe,0.05767320531052023
NEU28_FOR,TOTAL,Total,Total,EL,Greece,2020,715227,GRC,Europe,Southern Europe,0.06672786888916567
NEU28_FOR,TOTAL,Total,Total,ES,Spain,2014,2720310,ESP,Europe,Southern Europe,0.05850664525338061
NEU28_FOR,TOTAL,Total,Total,ES,Spain,2015,2558328,ESP,Europe,Southern Europe,0.055105831202797446
NEU28_FOR,TOTAL,Total,Total,ES,Spain,2016,2553989,ESP,Europe,Southern Europe,0.05502047399502323
NEU28_FOR,TOTAL,Total,Total,ES,Spain,2017,2571062,ESP,Europe,Southern Europe,0.055294755987717416
NEU28_FOR,TOTAL,Total,Total,ES,Spain,2018,2740182,ESP,Europe,Southern Europe,0.0587453722333357
NEU28_FOR,TOTAL,Total,Total,ES,Spain,2019,2993640,ESP,Europe,Southern Europe,0.06380449554381555
NEU28_FOR,TOTAL,Total,Total,ES,Spain,2020,3344102,ESP,Europe,Southern Europe,0.07067286162468656
NEU28_FOR,TOTAL,Total,Total,FI,Finland,2014,121882,FIN,Europe,Northern Europe,0.02235845958831612
NEU28_FOR,TOTAL,Total,Total,FI,Finland,2015,127792,FIN,Europe,Northern Europe,0.02335485538181274
NEU28_FOR,TOTAL,Total,Total,FI,Finland,2016,133136,FIN,Europe,Northern Europe,0.024262534561573727
NEU28_FOR,TOTAL,Total,Total,FI,Finland,2017,143757,FIN,Europe,Northern Europe,0.026121977425532367
NEU28_FOR,TOTAL,Total,Total,FI,Finland,2018,148491,FIN,Europe,Northern Europe,0.02693406467832248
NEU28_FOR,TOTAL,Total,Total,FI,Finland,2019,155056,FIN,Europe,Northern Europe,0.028100448738011558
NEU28_FOR,TOTAL,Total,Total,FI,Finland,2020,163756,FIN,Europe,Northern Europe,0.02963752865911883
NEU28_FOR,TOTAL,Total,Total,FR,France,2014,2761041,FRA,Europe,Western Europe,0.04172901240184155
NEU28_FOR,TOTAL,Total,Total,FR,France,2015,2932149,FRA,Europe,Western Europe,0.044120230064172865
NEU28_FOR,TOTAL,Total,Total,FR,France,2016,3021074,FRA,Europe,Western Europe,0.04533533830371145
NEU28_FOR,TOTAL,Total,Total,FR,France,2017,3049039,FRA,Europe,Western Europe,0.045637590140945754
NEU28_FOR,TOTAL,Total,Total,FR,France,2018,3381026,FRA,Europe,Western Europe,0.05044333095655217
NEU28_FOR,TOTAL,Total,Total,FR,France,2019,3465140,FRA,Europe,Western Europe,0.051495255546658306
NEU28_FOR,TOTAL,Total,Total,FR,France,2020,3599935,FRA,Europe,Western Europe,0.05335319708726003
NEU28_FOR,TOTAL,Total,Total,HR,Croatia,2014,16250,HRV,Europe,Southern Europe,0.003852872891707954
NEU28_FOR,TOTAL,Total,Total,HR,Croatia,2015,16449,HRV,Europe,Southern Europe,0.0039343062463599475
NEU28_FOR,TOTAL,Total,Total,HR,Croatia,2016,16463,HRV,Europe,Southern Europe,0.003985122660589212
NEU28_FOR,TOTAL,Total,Total,HR,Croatia,2017,16401,HRV,Europe,Southern Europe,0.004021066159912464
NEU28_FOR,TOTAL,Total,Total,HR,Croatia,2018,16462,HRV,Europe,Southern Europe,0.004100797615349568
NEU28_FOR,TOTAL,Total,Total,HR,Croatia,2019,16632,HRV,Europe,Southern Europe,0.004190818298092361
NEU28_FOR,TOTAL,Total,Total,HR,Croatia,2020,17565,HRV,Europe,Southern Europe,0.004465476262809485
NEU28_FOR,TOTAL,Total,Total,HU,Hungary,2014,59335,HUN,Europe,Eastern Europe,0.006023725162603017
NEU28_FOR,TOTAL,Total,Total,HU,Hungary,2015,64821,HUN,Europe,Eastern Europe,0.006603701887292991
NEU28_FOR,TOTAL,Total,Total,HU,Hungary,2016,71062,HUN,Europe,Eastern Europe,0.007266311725611504
NEU28_FOR,TOTAL,Total,Total,HU,Hungary,2017,71414,HUN,Europe,Eastern Europe,0.007332140502678838
NEU28_FOR,TOTAL,Total,Total,HU,Hungary,2018,83418,HUN,Europe,Eastern Europe,0.00858770462817549
NEU28_FOR,TOTAL,Total,Total,HU,Hungary,2019,106145,HUN,Europe,Eastern Europe,0.01094247666457188
NEU28_FOR,TOTAL,Total,Total,HU,Hungary,2020,118534,HUN,Europe,Eastern Europe,0.012233398724541189
NEU28_FOR,TOTAL,Total,Total,IE,Ireland,2014,121149,IRL,Europe,Northern Europe,0.026121790863529063
NEU28_FOR,TOTAL,Total,Total,IE,Ireland,2015,117015,IRL,Europe,Northern Europe,0.02501588946703104
NEU28_FOR,TOTAL,Total,Total,IE,Ireland,2016,124709,IRL,Europe,Northern Europe,0.026386257623850946
NEU28_FOR,TOTAL,Total,Total,IE,Ireland,2017,142157,IRL,Europe,Northern Europe,0.029621243897626187
NEU28_FOR,TOTAL,Total,Total,IE,Ireland,2018,159721,IRL,Europe,Northern Europe,0.0328932830532486
NEU28_FOR,TOTAL,Total,Total,IE,Ireland,2019,182846,IRL,Europe,Northern Europe,0.03701103027724368
NEU28_FOR,TOTAL,Total,Total,IE,Ireland,2020,208335,IRL,Europe,Northern Europe,0.04156226309699557
NEU28_FOR,TOTAL,Total,Total,IS,Iceland,2014,4478,ISL,Europe,Northern Europe,0.013750072926358195
NEU28_FOR,TOTAL,Total,Total,IS,Iceland,2015,4368,ISL,Europe,Northern Europe,0.013272561531449407
NEU28_FOR,TOTAL,Total,Total,IS,Iceland,2016,4535,ISL,Europe,Northern Europe,0.013637908272661934
NEU28_FOR,TOTAL,Total,Total,IS,Iceland,2017,5040,ISL,Europe,Northern Europe,0.014895861965012457
NEU28_FOR,TOTAL,Total,Total,IS,Iceland,2018,5812,ISL,Europe,Northern Europe,0.01667958100157842
NEU28_FOR,TOTAL,Total,Total,IS,Iceland,2019,6710,ISL,Europe,Northern Europe,0.018795992055822136
NEU28_FOR,TOTAL,Total,Total,IS,Iceland,2020,7713,ISL,Europe,Northern Europe,0.021181762757666135
NEU28_FOR,TOTAL,Total,Total,IT,Italy,2014,3405886,ITA,Europe,Southern Europe,0.056439377663280846
NEU28_FOR,TOTAL,Total,Total,IT,Italy,2015,3438718,ITA,Europe,Southern Europe,0.05703109139311017
NEU28_FOR,TOTAL,Total,Total,IT,Italy,2016,3366453,ITA,Europe,Southern Europe,0.055954875257696865
NEU28_FOR,TOTAL,Total,Total,IT,Italy,2017,3341238,ITA,Europe,Southern Europe,0.05562543154085921
NEU28_FOR,TOTAL,Total,Total,IT,Italy,2018,3393850,ITA,Europe,Southern Europe,0.056622894989635
NEU28_FOR,TOTAL,Total,Total,IT,Italy,2019,3494871,ITA,Europe,Southern Europe,0.058426368848698756
NEU28_FOR,TOTAL,Total,Total,IT,Italy,2020,3534578,ITA,Europe,Southern Europe,0.05926374606884389
NEU28_FOR,TOTAL,Total,Total,LI,Liechtenstein,2014,6073,LIE,Europe,Western Europe,0.16356486843168414
NEU28_FOR,TOTAL,Total,Total,LI,Liechtenstein,2015,6028,LIE,Europe,Western Europe,0.16132312797730558
NEU28_FOR,TOTAL,Total,Total,LI,Liechtenstein,2016,6084,LIE,Europe,Western Europe,0.16171389080856946
NEU28_FOR,TOTAL,Total,Total,LI,Liechtenstein,2017,6056,LIE,Europe,Western Europe,0.16016926738957948
NEU28_FOR,TOTAL,Total,Total,LI,Liechtenstein,2018,6095,LIE,Europe,Western Europe,0.15991499186650573
NEU28_FOR,TOTAL,Total,Total,LI,Liechtenstein,2019,6137,LIE,Europe,Western Europe,0.15990932304966388
NEU28_FOR,TOTAL,Total,Total,LI,Liechtenstein,2020,6257,LIE,Europe,Western Europe,0.16148346968797583
NEU28_FOR,TOTAL,Total,Total,LT,Lithuania,2014,16532,LTU,Europe,Northern Europe,0.005608132266707193
NEU28_FOR,TOTAL,Total,Total,LT,Lithuania,2015,16910,LTU,Europe,Northern Europe,0.0057779490775099395
NEU28_FOR,TOTAL,Total,Total,LT,Lithuania,2016,16347,LTU,Europe,Northern Europe,0.0056455147219565864
NEU28_FOR,TOTAL,Total,Total,LT,Lithuania,2017,16297,LTU,Europe,Northern Europe,0.0057000913231787746
NEU28_FOR,TOTAL,Total,Total,LT,Lithuania,2018,16875,LTU,Europe,Northern Europe,0.005970915009553464
NEU28_FOR,TOTAL,Total,Total,LT,Lithuania,2019,18235,LTU,Europe,Northern Europe,0.0064842472085911386
NEU28_FOR,TOTAL,Total,Total,LT,Lithuania,2020,18719,LTU,Europe,Northern Europe,0.006661620362017198
NEU28_FOR,TOTAL,Total,Total,LU,Luxembourg,2014,34482,LUX,Europe,Western Europe,0.06273104351622762
NEU28_FOR,TOTAL,Total,Total,LU,Luxembourg,2015,36429,LUX,Europe,Western Europe,0.06470997836428295
NEU28_FOR,TOTAL,Total,Total,LU,Luxembourg,2016,39618,LUX,Europe,Western Europe,0.06875152928681871
NEU28_FOR,TOTAL,Total,Total,LU,Luxembourg,2017,40795,LUX,Europe,Western Europe,0.06906598811174486
NEU28_FOR,TOTAL,Total,Total,LU,Luxembourg,2018,43438,LUX,Europe,Western Europe,0.07215554688083986
NEU28_FOR,TOTAL,Total,Total,LU,Luxembourg,2019,45030,LUX,Europe,Western Europe,0.07335142549039411
NEU28_FOR,TOTAL,Total,Total,LU,Luxembourg,2020,48210,LUX,Europe,Western Europe,0.07699949529474148
NEU28_FOR,TOTAL,Total,Total,LV,Latvia,2014,298616,LVA,Europe,Northern Europe,0.14919848830958077
NEU28_FOR,TOTAL,Total,Total,LV,Latvia,2015,291440,LVA,Europe,Northern Europe,0.14674013743545125
NEU28_FOR,TOTAL,Total,Total,LV,Latvia,2016,282792,LVA,Europe,Northern Europe,0.14362527978010692
NEU28_FOR,TOTAL,Total,Total,LV,Latvia,2017,273333,LVA,Europe,Northern Europe,0.14016243136305737
NEU28_FOR,TOTAL,Total,Total,LV,Latvia,2018,266167,LVA,Europe,Northern Europe,0.13759816457891655
NEU28_FOR,TOTAL,Total,Total,LV,Latvia,2019,260028,LVA,Europe,Northern Europe,0.13543350722512043
NEU28_FOR,TOTAL,Total,Total,LV,Latvia,2020,253658,LVA,Europe,Northern Europe,0.1329670934514527
NEU28_FOR,TOTAL,Total,Total,MT,Malta,2014,14290,MLT,Europe,Southern Europe,0.03337568549780921
NEU28_FOR,TOTAL,Total,Total,MT,Malta,2015,20735,MLT,Europe,Southern Europe,0.04725333576417771
NEU28_FOR,TOTAL,Total,Total,MT,Malta,2016,26453,MLT,Europe,Southern Europe,0.05883216386624707
NEU28_FOR,TOTAL,Total,Total,MT,Malta,2017,29909,MLT,Europe,Southern Europe,0.06510802721088435
NEU28_FOR,TOTAL,Total,Total,MT,Malta,2018,34022,MLT,Europe,Southern Europe,0.07164985036970581
NEU28_FOR,TOTAL,Total,Total,MT,Malta,2019,47329,MLT,Europe,Southern Europe,0.09600826017104558
NEU28_FOR,TOTAL,Total,Total,MT,Malta,2020,63657,MLT,Europe,Southern Europe,0.12364063668411494
NEU28_FOR,TOTAL,Total,Total,NL,Netherlands,2014,330382,NLD,Europe,Western Europe,0.019631370047778013
NEU28_FOR,TOTAL,Total,Total,NL,Netherlands,2015,338773,NLD,Europe,Western Europe,0.0200448785454542
NEU28_FOR,TOTAL,Total,Total,NL,Netherlands,2016,367744,NLD,Europe,Western Europe,0.021658601859224743
NEU28_FOR,TOTAL,Total,Total,NL,Netherlands,2017,413401,NLD,Europe,Western Europe,0.024201670262465717
NEU28_FOR,TOTAL,Total,Total,NL,Netherlands,2018,451197,NLD,Europe,Western Europe,0.026261265005164982
NEU28_FOR,TOTAL,Total,Total,NL,Netherlands,2019,487514,NLD,Europe,Western Europe,0.028209084707741732
NEU28_FOR,TOTAL,Total,Total,NL,Netherlands,2020,529730,NLD,Europe,Western Europe,0.030430987411522045
NEU28_FOR,TOTAL,Total,Total,NO,Norway,2014,176924,NOR,Europe,Northern Europe,0.03462948928334315
NEU28_FOR,TOTAL,Total,Total,NO,Norway,2015,182236,NOR,Europe,Northern Europe,0.03527738771249846
NEU28_FOR,TOTAL,Total,Total,NO,Norway,2016,192577,NOR,Europe,Northern Europe,0.036934705412462826
NEU28_FOR,TOTAL,Total,Total,NO,Norway,2017,207419,NOR,Europe,Northern Europe,0.03944589114730055
NEU28_FOR,TOTAL,Total,Total,NO,Norway,2018,211442,NOR,Europe,Northern Europe,0.03992772138630064
NEU28_FOR,TOTAL,Total,Total,NO,Norway,2019,221353,NOR,Europe,Northern Europe,0.04154357972242846
NEU28_FOR,TOTAL,Total,Total,PL,Poland,2014,71543,POL,Europe,Eastern Europe,0.0018818262660577178
NEU28_FOR,TOTAL,Total,Total,PL,Poland,2015,76595,POL,Europe,Eastern Europe,0.0020153601517923117
NEU28_FOR,TOTAL,Total,Total,PL,Poland,2016,123926,POL,Europe,Eastern Europe,0.0032640271240374817
NEU28_FOR,TOTAL,Total,Total,PL,Poland,2017,180334,POL,Europe,Eastern Europe,0.004749010374855121
NEU28_FOR,TOTAL,Total,Total,PL,Poland,2018,208574,POL,Europe,Eastern Europe,0.005492158913177445
NEU28_FOR,TOTAL,Total,Total,PL,Poland,2019,257507,POL,Europe,Eastern Europe,0.006781351878812662
NEU28_FOR,TOTAL,Total,Total,PL,Poland,2020,321042,POL,Europe,Eastern Europe,0.008457791053923667
NEU28_FOR,TOTAL,Total,Total,PT,Portugal,2014,277562,PRT,Europe,Southern Europe,0.026575981904410646
NEU28_FOR,TOTAL,Total,Total,PT,Portugal,2015,267152,PRT,Europe,Southern Europe,0.025699748949531226
NEU28_FOR,TOTAL,Total,Total,PT,Portugal,2016,256251,PRT,Europe,Southern Europe,0.02471424655742739
NEU28_FOR,TOTAL,Total,Total,PT,Portugal,2017,252465,PRT,Europe,Southern Europe,0.024405774752481468
NEU28_FOR,TOTAL,Total,Total,PT,Portugal,2018,251575,PRT,Europe,Southern Europe,0.024340228159101838
NEU28_FOR,TOTAL,Total,Total,PT,Portugal,2019,283478,PRT,Europe,Southern Europe,0.027432922991405814
NEU28_FOR,TOTAL,Total,Total,PT,Portugal,2020,341077,PRT,Europe,Southern Europe,0.032873639991537675
NEU28_FOR,TOTAL,Total,Total,RO,Romania,2014,52529,ROU,Europe,Eastern Europe,0.0026333875277725406
NEU28_FOR,TOTAL,Total,Total,RO,Romania,2015,54687,ROU,Europe,Eastern Europe,0.0027521499425761024
NEU28_FOR,TOTAL,Total,Total,RO,Romania,2016,58858,ROU,Europe,Eastern Europe,0.0029785555437756525
NEU28_FOR,TOTAL,Total,Total,RO,Romania,2017,60476,ROU,Europe,Eastern Europe,0.0030786070560456045
NEU28_FOR,TOTAL,Total,Total,RO,Romania,2018,57250,ROU,Europe,Eastern Europe,0.002930865215472859
NEU28_FOR,TOTAL,Total,Total,RO,Romania,2019,60518,ROU,Europe,Eastern Europe,0.0031171614474120265
NEU28_FOR,TOTAL,Total,Total,RO,Romania,2020,75911,ROU,Europe,Eastern Europe,0.003927344209724351
NEU28_FOR,TOTAL,Total,Total,SE,Sweden,2014,384947,SWE,Europe,Northern Europe,0.03991212317768296
NEU28_FOR,TOTAL,Total,Total,SE,Sweden,2015,416246,SWE,Europe,Northern Europe,0.042703482124124954
NEU28_FOR,TOTAL,Total,Total,SE,Sweden,2016,447664,SWE,Europe,Northern Europe,0.04544342985094838
NEU28_FOR,TOTAL,Total,Total,SE,Sweden,2017,505332,SWE,Europe,Northern Europe,0.05055770531976849
NEU28_FOR,TOTAL,Total,Total,SE,Sweden,2018,543921,SWE,Europe,Northern Europe,0.05374584916052403
NEU28_FOR,TOTAL,Total,Total,SE,Sweden,2019,578398,SWE,Europe,Northern Europe,0.05653837149572564
NEU28_FOR,TOTAL,Total,Total,SE,Sweden,2020,587951,SWE,Europe,Northern Europe,0.056930131514722364
NEU28_FOR,TOTAL,Total,Total,SI,Slovenia,2014,80290,SVN,Europe,Southern Europe,0.03895521048379858
NEU28_FOR,TOTAL,Total,Total,SI,Slovenia,2015,84367,SVN,Europe,Southern Europe,0.04089779598753972
NEU28_FOR,TOTAL,Total,Total,SI,Slovenia,2016,90169,SVN,Europe,Southern Europe,0.04368255217063562
NEU28_FOR,TOTAL,Total,Total,SI,Slovenia,2017,95718,SVN,Europe,Southern Europe,0.04633246123350896
NEU28_FOR,TOTAL,Total,Total,SI,Slovenia,2018,102335,SVN,Europe,Southern Europe,0.049511824585849205
NEU28_FOR,TOTAL,Total,Total,SI,Slovenia,2019,117493,SVN,Europe,Southern Europe,0.056462371234095886
NEU28_FOR,TOTAL,Total,Total,SI,Slovenia,2020,134828,SVN,Europe,Southern Europe,0.06433060207714157
NEU28_FOR,TOTAL,Total,Total,SK,Slovakia,2014,12476,SVK,Europe,Eastern Europe,0.002303566743335286
NEU28_FOR,TOTAL,Total,Total,SK,Slovakia,2015,13064,SVK,Europe,Eastern Europe,0.002409732337836948
NEU28_FOR,TOTAL,Total,Total,SK,Slovakia,2016,13901,SVK,Europe,Eastern Europe,0.0025618050912489874
NEU28_FOR,TOTAL,Total,Total,SK,Slovakia,2017,14687,SVK,Europe,Eastern Europe,0.002702129378035572
NEU28_FOR,TOTAL,Total,Total,SK,Slovakia,2018,15439,SVK,Europe,Eastern Europe,0.002836424697599906
NEU28_FOR,TOTAL,Total,Total,SK,Slovakia,2019,16313,SVK,Europe,Eastern Europe,0.0029929798083487497
NEU28_FOR,TOTAL,Total,Total,SK,Slovakia,2020,17132,SVK,Europe,Eastern Europe,0.0031389517491520963
NEU28_FOR,TOTAL,Total,Total,TR,Türkiye,2014,318127,TUR,Asia,Western Asia,0.004149417805614097
NEU28_FOR,TOTAL,Total,Total,TR,Türkiye,2015,383710,TUR,Asia,Western Asia,0.0049386129801643084
NEU28_FOR,TOTAL,Total,Total,TR,Türkiye,2016,504904,TUR,Asia,Western Asia,0.006412207873318636
NEU28_FOR,TOTAL,Total,Total,TR,Türkiye,2017,666922,TUR,Asia,Western Asia,0.008355861403321695
NEU28_FOR,TOTAL,Total,Total,TR,Türkiye,2018,780232,TUR,Asia,Western Asia,0.00965507896403346
NEU28_FOR,TOTAL,Total,Total,TR,Türkiye,2019,1061882,TUR,Asia,Western Asia,0.012949167455267545
NEU28_FOR,TOTAL,Total,Total,TR,Türkiye,2020,1357686,TUR,Asia,Western Asia,0.01632717273743633
NEU28_FOR,TOTAL,Total,Total,UK,United Kingdom,2014,2425088,GBR,Europe,Northern Europe,0.03768520069469408
NEU28_FOR,TOTAL,Total,Total,UK,United Kingdom,2015,2432666,GBR,Europe,Northern Europe,0.03751023481531645
NEU28_FOR,TOTAL,Total,Total,UK,United Kingdom,2016,2435596,GBR,Europe,Northern Europe,0.037253466110639365
NEU28_FOR,TOTAL,Total,Total,UK,United Kingdom,2017,2445610,GBR,Europe,Northern Europe,0.037142408203906734
NEU28_FOR,TOTAL,Total,Total,UK,United Kingdom,2018,2425737,GBR,Europe,Northern Europe,0.03660187281881394
NEU28_FOR,TOTAL,Total,Total,UK,United Kingdom,2019,2490089,GBR,Europe,Northern Europe,0.03736229410810779
TOTAL,TOTAL,Total,Total,AL,Albania,2022,2793592,ALB,Europe,Southern Europe,
TOTAL,TOTAL,Total,Total,AM,Armenia,2024,2991201,ARM,Asia,Western Asia,
TOTAL,TOTAL,Total,Total,AT,Austria,2014,8507786,AUT,Europe,Western Europe,
TOTAL,TOTAL,Total,Total,AT,Austria,2015,8584926,AUT,Europe,Western Europe,
TOTAL,TOTAL,Total,Total,AT,Austria,2016,8700471,AUT,Europe,Western Europe,
TOTAL,TOTAL,Total,Total,AT,Austria,2017,8772865,AUT,Europe,Western Europe,
TOTAL,TOTAL,Total,Total,AT,Austria,2018,8822267,AUT,Europe,Western Europe,
TOTAL,TOTAL,Total,Total,AT,Austria,2019,8858775,AUT,Europe,Western Europe,
TOTAL,TOTAL,Total,Total,AT,Austria,2020,8901064,AUT,Europe,Western Europe,
TOTAL,TOTAL,Total,Total,AT,Austria,2021,8932664,AUT,Europe,Western Europe,
TOTAL,TOTAL,Total,Total,AT,Austria,2022,8978929,AUT,Europe,Western Europe,
TOTAL,TOTAL,Total,Total,AT,Austria,2023,9104772,AUT,Europe,Western Europe,
TOTAL,TOTAL,Total,Total,AT,Austria,2024,9158750,AUT,Europe,Western Europe,
TOTAL,TOTAL,Total,Total,BE,Belgium,2014,11180840,BEL,Europe,Western Europe,
TOTAL,TOTAL,Total,Total,BE,Belgium,2015,11237274,BEL,Europe,Western Europe,
TOTAL,TOTAL,Total,Total,BE,Belgium,2016,11311117,BEL,Europe,Western Europe,
TOTAL,TOTAL,Total,Total,BE,Belgium,2017,11351727,BEL,Europe,Western Europe,
TOTAL,TOTAL,Total,Total,BE,Belgium,2018,11398589,BEL,Europe,Western Europe,
TOTAL,TOTAL,Total,Total,BE,Belgium,2019,11455519,BEL,Europe,Western Europe,
TOTAL,TOTAL,Total,Total,BE,Belgium,2020,11522440,BEL,Europe,Western Europe,
TOTAL,TOTAL,Total,Total,BE,Belgium,2021,11554767,BEL,Europe,Western Europe,
TOTAL,TOTAL,Total,Total,BE,Belgium,2022,11617623,BEL,Europe,Western Europe,
TOTAL,TOTAL,Total,Total,BE,Belgium,2023,11742796,BEL,Europe,Western Europe,
TOTAL,TOTAL,Total,Total,BE,Belgium,2024,11817096,BEL,Europe,Western Europe,
TOTAL,TOTAL,Total,Total,BG,Bulgaria,2014,7117453,BGR,Europe,Eastern Europe,
TOTAL,TOTAL,Total,Total,BG,Bulgaria,2015,7029690,BGR,Europe,Eastern Europe,
TOTAL,TOTAL,Total,Total,BG,Bulgaria,2016,6938759,BGR,Europe,Eastern Europe,
TOTAL,TOTAL,Total,Total,BG,Bulgaria,2017,6849518,BGR,Europe,Eastern Europe,
TOTAL,TOTAL,Total,Total,BG,Bulgaria,2018,6757418,BGR,Europe,Eastern Europe,
TOTAL,TOTAL,Total,Total,BG,Bulgaria,2019,6664177,BGR,Europe,Eastern Europe,
TOTAL,TOTAL,Total,Total,BG,Bulgaria,2020,6569275,BGR,Europe,Eastern Europe,
TOTAL,TOTAL,Total,Total,BG,Bulgaria,2021,6532117,BGR,Europe,Eastern Europe,
TOTAL,TOTAL,Total,Total,BG,Bulgaria,2022,6482484,BGR,Europe,Eastern Europe,
TOTAL,TOTAL,Total,Total,BG,Bulgaria,2023,6447710,BGR,Europe,Eastern Europe,
TOTAL,TOTAL,Total,Total,BG,Bulgaria,2024,6445481,BGR,Europe,Eastern Europe,
TOTAL,TOTAL,Total,Total,CH,Switzerland,2014,8139631,CHE,Europe,Western Europe,
TOTAL,TOTAL,Total,Total,CH,Switzerland,2015,8237666,CHE,Europe,Western Europe,
TOTAL,TOTAL,Total,Total,CH,Switzerland,2016,8327126,CHE,Europe,Western Europe,
TOTAL,TOTAL,Total,Total,CH,Switzerland,2017,8419550,CHE,Europe,Western Europe,
TOTAL,TOTAL,Total,Total,CH,Switzerland,2018,8484130,CHE,Europe,Western Europe,
TOTAL,TOTAL,Total,Total,CH,Switzerland,2019,8544527,CHE,Europe,Western Europe,
TOTAL,TOTAL,Total,Total,CH,Switzerland,2020,8606033,CHE,Europe,Western Europe,
TOTAL,TOTAL,Total,Total,CH,Switzerland,2021,8670300,CHE,Europe,Western Europe,
TOTAL,TOTAL,Total,Total,CH,Switzerland,2022,8738791,CHE,Europe,Western Europe,
TOTAL,TOTAL,Total,Total,CH,Switzerland,2023,8815385,CHE,Europe,Western Europe,
TOTAL,TOTAL,Total,Total,CH,Switzerland,2024,8962258,CHE,Europe,Western Europe,
TOTAL,TOTAL,Total,Total,CY,Cyprus,2014,860032,CYP,Asia,Western Asia,
TOTAL,TOTAL,Total,Total,CY,Cyprus,2015,860846,CYP,Asia,Western Asia,
TOTAL,TOTAL,Total,Total,CY,Cyprus,2016,863764,CYP,Asia,Western Asia,
TOTAL,TOTAL,Total,Total,CY,Cyprus,2017,869878,CYP,Asia,Western Asia,
TOTAL,TOTAL,Total,Total,CY,Cyprus,2018,878601,CYP,Asia,Western Asia,
TOTAL,TOTAL,Total,Total,CY,Cyprus,2019,890194,CYP,Asia,Western Asia,
TOTAL,TOTAL,Total,Total,CY,Cyprus,2020,902429,CYP,Asia,Western Asia,
TOTAL,TOTAL,Total,Total,CY,Cyprus,2021,914476,CYP,Asia,Western Asia,
TOTAL,TOTAL,Total,Total,CY,Cyprus,2022,929764,CYP,Asia,Western Asia,
TOTAL,TOTAL,Total,Total,CY,Cyprus,2023,949084,CYP,Asia,Western Asia,
TOTAL,TOTAL,Total,Total,CY,Cyprus,2024,966365,CYP,Asia,Western Asia,
TOTAL,TOTAL,Total,Total,CZ,Czechia,2014,10512419,CZE,Europe,Eastern Europe,
TOTAL,TOTAL,Total,Total,CZ,Czechia,2015,10538275,CZE,Europe,Eastern Europe,
TOTAL,TOTAL,Total,Total,CZ,Czechia,2016,10553843,CZE,Europe,Eastern Europe,
TOTAL,TOTAL,Total,Total,CZ,Czechia,2017,10578820,CZE,Europe,Eastern Europe,
TOTAL,TOTAL,Total,Total,CZ,Czechia,2018,10610055,CZE,Europe,Eastern Europe,
TOTAL,TOTAL,Total,Total,CZ,Czechia,2019,10649800,CZE,Europe,Eastern Europe,
TOTAL,TOTAL,Total,Total,CZ,Czechia,2020,10693939,CZE,Europe,Eastern Europe,
TOTAL,TOTAL,Total,Total,CZ,Czechia,2021,10494836,CZE,Europe,Eastern Europe,
TOTAL,TOTAL,Total,Total,CZ,Czechia,2022,10516707,CZE,Europe,Eastern Europe,
TOTAL,TOTAL,Total,Total,CZ,Czechia,2023,10827529,CZE,Europe,Eastern Europe,
TOTAL,TOTAL,Total,Total,CZ,Czechia,2024,10900555,CZE,Europe,Eastern Europe,
TOTAL,TOTAL,Total,Total,DE,Germany,2014,80767463,DEU,Europe,Western Europe,
TOTAL,TOTAL,Total,Total,DE,Germany,2015,81197537,DEU,Europe,Western Europe,
TOTAL,TOTAL,Total,Total,DE,Germany,2016,82175684,DEU,Europe,Western Europe,
TOTAL,TOTAL,Total,Total,DE,Germany,2017,82521653,DEU,Europe,Western Europe,
TOTAL,TOTAL,Total,Total,DE,Germany,2018,82792351,DEU,Europe,Western Europe,
TOTAL,TOTAL,Total,Total,DE,Germany,2019,83019213,DEU,Europe,Western Europe,
TOTAL,TOTAL,Total,Total,DE,Germany,2020,83166711,DEU,Europe,Western Europe,
TOTAL,TOTAL,Total,Total,DE,Germany,2021,83155031,DEU,Europe,Western Europe,
TOTAL,TOTAL,Total,Total,DE,Germany,2022,83237124,DEU,Europe,Western Europe,
TOTAL,TOTAL,Total,Total,DE,Germany,2023,83118501,DEU,Europe,Western Europe,
TOTAL,TOTAL,Total,Total,DE,Germany,2024,83456045,DEU,Europe,Western Europe,
TOTAL,TOTAL,Total,Total,DK,Denmark,2014,5627235,DNK,Europe,Northern Europe,
TOTAL,TOTAL,Total,Total,DK,Denmark,2015,5659715,DNK,Europe,Northern Europe,
TOTAL,TOTAL,Total,Total,DK,Denmark,2016,5707251,DNK,Europe,Northern Europe,
TOTAL,TOTAL,Total,Total,DK,Denmark,2017,5748769,DNK,Europe,Northern Europe,
TOTAL,TOTAL,Total,Total,DK,Denmark,2018,5781190,DNK,Europe,Northern Europe,
TOTAL,TOTAL,Total,Total,DK,Denmark,2019,5806081,DNK,Europe,Northern Europe,
TOTAL,TOTAL,Total,Total,DK,Denmark,2020,5822763,DNK,Europe,Northern Europe,
TOTAL,TOTAL,Total,Total,DK,Denmark,2021,5840045,DNK,Europe,Northern Europe,
TOTAL,TOTAL,Total,Total,DK,Denmark,2022,5873420,DNK,Europe,Northern Europe,
TOTAL,TOTAL,Total,Total,DK,Denmark,2023,5932654,DNK,Europe,Northern Europe,
TOTAL,TOTAL,Total,Total,DK,Denmark,2024,5961249,DNK,Europe,Northern Europe,
TOTAL,TOTAL,Total,Total,EE,Estonia,2014,1315819,EST,Europe,Northern Europe,
TOTAL,TOTAL,Total,Total,EE,Estonia,2015,1314870,EST,Europe,Northern Europe,
TOTAL,TOTAL,Total,Total,EE,Estonia,2016,1315944,EST,Europe,Northern Europe,
TOTAL,TOTAL,Total,Total,EE,Estonia,2017,1315635,EST,Europe,Northern Europe,
TOTAL,TOTAL,Total,Total,EE,Estonia,2018,1319133,EST,Europe,Northern Europe,
TOTAL,TOTAL,Total,Total,EE,Estonia,2019,1324820,EST,Europe,Northern Europe,
TOTAL,TOTAL,Total,Total,EE,Estonia,2020,1328976,EST,Europe,Northern Europe,
TOTAL,TOTAL,Total,Total,EE,Estonia,2021,1330068,EST,Europe,Northern Europe,
TOTAL,TOTAL,Total,Total,EE,Estonia,2022,1331796,EST,Europe,Northern Europe,
TOTAL,TOTAL,Total,Total,EE,Estonia,2023,1365884,EST,Europe,Northern Europe,
TOTAL,TOTAL,Total,Total,EE,Estonia,2024,1374687,EST,Europe,Northern Europe,
TOTAL,TOTAL,Total,Total,EL,Greece,2014,10926807,GRC,Europe,Southern Europe,
TOTAL,TOTAL,Total,Total,EL,Greece,2015,10858018,GRC,Europe,Southern Europe,
TOTAL,TOTAL,Total,Total,EL,Greece,2016,10783748,GRC,Europe,Southern Europe,
TOTAL,TOTAL,Total,Total,EL,Greece,2017,10768193,GRC,Europe,Southern Europe,
TOTAL,TOTAL,Total,Total,EL,Greece,2018,10741165,GRC,Europe,Southern Europe,
TOTAL,TOTAL,Total,Total,EL,Greece,2019,10724599,GRC,Europe,Southern Europe,
TOTAL,TOTAL,Total,Total,EL,Greece,2020,10718565,GRC,Europe,Southern Europe,
TOTAL,TOTAL,Total,Total,EL,Greece,2021,10678632,GRC,Europe,Southern Europe,
TOTAL,TOTAL,Total,Total,EL,Greece,2022,10459782,GRC,Europe,Southern Europe,
TOTAL,TOTAL,Total,Total,EL,Greece,2023,10413982,GRC,Europe,Southern Europe,
TOTAL,TOTAL,Total,Total,EL,Greece,2024,10400720,GRC,Europe,Southern Europe,
TOTAL,TOTAL,Total,Total,ES,Spain,2014,46495744,ESP,Europe,Southern Europe,
TOTAL,TOTAL,Total,Total,ES,Spain,2015,46425722,ESP,Europe,Southern Europe,
TOTAL,TOTAL,Total,Total,ES,Spain,2016,46418884,ESP,Europe,Southern Europe,
TOTAL,TOTAL,Total,Total,ES,Spain,2017,46497393,ESP,Europe,Southern Europe,
TOTAL,TOTAL,Total,Total,ES,Spain,2018,46645070,ESP,Europe,Southern Europe,
TOTAL,TOTAL,Total,Total,ES,Spain,2019,46918951,ESP,Europe,Southern Europe,
TOTAL,TOTAL,Total,Total,ES,Spain,2020,47318050,ESP,Europe,Southern Europe,
TOTAL,TOTAL,Total,Total,ES,Spain,2021,47400798,ESP,Europe,Southern Europe,
TOTAL,TOTAL,Total,Total,ES,Spain,2022,47486843,ESP,Europe,Southern Europe,
TOTAL,TOTAL,Total,Total,ES,Spain,2023,48085361,ESP,Europe,Southern Europe,
TOTAL,TOTAL,Total,Total,ES,Spain,2024,48619695,ESP,Europe,Southern Europe,
TOTAL,TOTAL,Total,Total,FI,Finland,2014,5451270,FIN,Europe,Northern Europe,
TOTAL,TOTAL,Total,Total,FI,Finland,2015,5471753,FIN,Europe,Northern Europe,
TOTAL,TOTAL,Total,Total,FI,Finland,2016,5487308,FIN,Europe,Northern Europe,
TOTAL,TOTAL,Total,Total,FI,Finland,2017,5503297,FIN,Europe,Northern Europe,
TOTAL,TOTAL,Total,Total,FI,Finland,2018,5513130,FIN,Europe,Northern Europe,
TOTAL,TOTAL,Total,Total,FI,Finland,2019,5517919,FIN,Europe,Northern Europe,
TOTAL,TOTAL,Total,Total,FI,Finland,2020,5525292,FIN,Europe,Northern Europe,
TOTAL,TOTAL,Total,Total,FI,Finland,2021,5533793,FIN,Europe,Northern Europe,
TOTAL,TOTAL,Total,Total,FI,Finland,2022,5548241,FIN,Europe,Northern Europe,
TOTAL,TOTAL,Total,Total,FI,Finland,2023,5563970,FIN,Europe,Northern Europe,
TOTAL,TOTAL,Total,Total,FI,Finland,2024,5603851,FIN,Europe,Northern Europe,
TOTAL,TOTAL,Total,Total,FR,France,2014,66165980,FRA,Europe,Western Europe,
TOTAL,TOTAL,Total,Total,FR,France,2015,66458153,FRA,Europe,Western Europe,
TOTAL,TOTAL,Total,Total,FR,France,2016,66638391,FRA,Europe,Western Europe,
TOTAL,TOTAL,Total,Total,FR,France,2017,66809816,FRA,Europe,Western Europe,
TOTAL,TOTAL,Total,Total,FR,France,2018,67026224,FRA,Europe,Western Europe,
TOTAL,TOTAL,Total,Total,FR,France,2019,67290471,FRA,Europe,Western Europe,
TOTAL,TOTAL,Total,Total,FR,France,2020,67473651,FRA,Europe,Western Europe,
TOTAL,TOTAL,Total,Total,FR,France,2021,67728568,FRA,Europe,Western Europe,
TOTAL,TOTAL,Total,Total,FR,France,2022,68091703,FRA,Europe,Western Europe,
TOTAL,TOTAL,Total,Total,FR,France,2023,68277210,FRA,Europe,Western Europe,
TOTAL,TOTAL,Total,Total,FR,France,2024,68467362,FRA,Europe,Western Europe,
TOTAL,TOTAL,Total,Total,GE,Georgia,2024,3694608,GEO,Asia,Western Asia,
TOTAL,TOTAL,Total,Total,HR,Croatia,2014,4217632,HRV,Europe,Southern Europe,
TOTAL,TOTAL,Total,Total,HR,Croatia,2015,4180915,HRV,Europe,Southern Europe,
TOTAL,TOTAL,Total,Total,HR,Croatia,2016,4131115,HRV,Europe,Southern Europe,
TOTAL,TOTAL,Total,Total,HR,Croatia,2017,4078769,HRV,Europe,Southern Europe,
TOTAL,TOTAL,Total,Total,HR,Croatia,2018,4014341,HRV,Europe,Southern Europe,
TOTAL,TOTAL,Total,Total,HR,Croatia,2019,3968676,HRV,Europe,Southern Europe,
TOTAL,TOTAL,Total,Total,HR,Croatia,2020,3933511,HRV,Europe,Southern Europe,
TOTAL,TOTAL,Total,Total,HR,Croatia,2021,3893026,HRV,Europe,Southern Europe,
TOTAL,TOTAL,Total,Total,HR,Croatia,2022,3862305,HRV,Europe,Southern Europe,
TOTAL,TOTAL,Total,Total,HR,Croatia,2023,3850894,HRV,Europe,Southern Europe,
TOTAL,TOTAL,Total,Total,HR,Croatia,2024,3861967,HRV,Europe,Southern Europe,
TOTAL,TOTAL,Total,Total,HU,Hungary,2014,9850217,HUN,Europe,Eastern Europe,
TOTAL,TOTAL,Total,Total,HU,Hungary,2015,9815858,HUN,Europe,Eastern Europe,
TOTAL,TOTAL,Total,Total,HU,Hungary,2016,9779652,HUN,Europe,Eastern Europe,
TOTAL,TOTAL,Total,Total,HU,Hungary,2017,9739857,HUN,Europe,Eastern Europe,
TOTAL,TOTAL,Total,Total,HU,Hungary,2018,9713655,HUN,Europe,Eastern Europe,
TOTAL,TOTAL,Total,Total,HU,Hungary,2019,9700272,HUN,Europe,Eastern Europe,
TOTAL,TOTAL,Total,Total,HU,Hungary,2020,9689376,HUN,Europe,Eastern Europe,
TOTAL,TOTAL,Total,Total,HU,Hungary,2021,9651461,HUN,Europe,Eastern Europe,
TOTAL,TOTAL,Total,Total,HU,Hungary,2022,9610403,HUN,Europe,Eastern Europe,
TOTAL,TOTAL,Total,Total,HU,Hungary,2023,9599744,HUN,Europe,Eastern Europe,
TOTAL,TOTAL,Total,Total,HU,Hungary,2024,9584627,HUN,Europe,Eastern Europe,
TOTAL,TOTAL,Total,Total,IE,Ireland,2014,4637852,IRL,Europe,Northern Europe,
TOTAL,TOTAL,Total,Total,IE,Ireland,2015,4677627,IRL,Europe,Northern Europe,
TOTAL,TOTAL,Total,Total,IE,Ireland,2016,4726286,IRL,Europe,Northern Europe,
TOTAL,TOTAL,Total,Total,IE,Ireland,2017,4799157,IRL,Europe,Northern Europe,
TOTAL,TOTAL,Total,Total,IE,Ireland,2018,4855733,IRL,Europe,Northern Europe,
TOTAL,TOTAL,Total,Total,IE,Ireland,2019,4940311,IRL,Europe,Northern Europe,
TOTAL,TOTAL,Total,Total,IE,Ireland,2020,5012600,IRL,Europe,Northern Europe,
TOTAL,TOTAL,Total,Total,IE,Ireland,2021,5066893,IRL,Europe,Northern Europe,
TOTAL,TOTAL,Total,Total,IE,Ireland,2022,5154277,IRL,Europe,Northern Europe,
TOTAL,TOTAL,Total,Total,IE,Ireland,2023,5271395,IRL,Europe,Northern Europe,
TOTAL,TOTAL,Total,Total,IE,Ireland,2024,5351681,IRL,Europe,Northern Europe,
TOTAL,TOTAL,Total,Total,IS,Iceland,2014,325671,ISL,Europe,Northern Europe,
TOTAL,TOTAL,Total,Total,IS,Iceland,2015,329100,ISL,Europe,Northern Europe,
TOTAL,TOTAL,Total,Total,IS,Iceland,2016,332529,ISL,Europe,Northern Europe,
TOTAL,TOTAL,Total,Total,IS,Iceland,2017,338349,ISL,Europe,Northern Europe,
TOTAL,TOTAL,Total,Total,IS,Iceland,2018,348450,ISL,Europe,Northern Europe,
TOTAL,TOTAL,Total,Total,IS,Iceland,2019,356991,ISL,Europe,Northern Europe,
TOTAL,TOTAL,Total,Total,IS,Iceland,2020,364134,ISL,Europe,Northern Europe,
TOTAL,TOTAL,Total,Total,IS,Iceland,2021,368792,ISL,Europe,Northern Europe,
TOTAL,TOTAL,Total,Total,IS,Iceland,2022,376248,ISL,Europe,Northern Europe,
TOTAL,TOTAL,Total,Total,IS,Iceland,2023,387758,ISL,Europe,Northern Europe,
TOTAL,TOTAL,Total,Total,IS,Iceland,2024,383567,ISL,Europe,Northern Europe,
TOTAL,TOTAL,Total,Total,IT,Italy,2014,60345917,ITA,Europe,Southern Europe,
TOTAL,TOTAL,Total,Total,IT,Italy,2015,60295497,ITA,Europe,Southern Europe,
TOTAL,TOTAL,Total,Total,IT,Italy,2016,60163712,ITA,Europe,Southern Europe,
TOTAL,TOTAL,Total,Total,IT,Italy,2017,60066734,ITA,Europe,Southern Europe,
TOTAL,TOTAL,Total,Total,IT,Italy,2018,59937769,ITA,Europe,Southern Europe,
TOTAL,TOTAL,Total,Total,IT,Italy,2019,59816673,ITA,Europe,Southern Europe,
TOTAL,TOTAL,Total,Total,IT,Italy,2020,59641488,ITA,Europe,Southern Europe,
TOTAL,TOTAL,Total,Total,IT,Italy,2021,59236213,ITA,Europe,Southern Europe,
TOTAL,TOTAL,Total,Total,IT,Italy,2022,59030133,ITA,Europe,Southern Europe,
TOTAL,TOTAL,Total,Total,IT,Italy,2023,58997201,ITA,Europe,Southern Europe,
TOTAL,TOTAL,Total,Total,IT,Italy,2024,58971230,ITA,Europe,Southern Europe,
TOTAL,TOTAL,Total,Total,LI,Liechtenstein,2014,37129,LIE,Europe,Western Europe,
TOTAL,TOTAL,Total,Total,LI,Liechtenstein,2015,37366,LIE,Europe,Western Europe,
TOTAL,TOTAL,Total,Total,LI,Liechtenstein,2016,37622,LIE,Europe,Western Europe,
TOTAL,TOTAL,Total,Total,LI,Liechtenstein,2017,37810,LIE,Europe,Western Europe,
TOTAL,TOTAL,Total,Total,LI,Liechtenstein,2018,38114,LIE,Europe,Western Europe,
TOTAL,TOTAL,Total,Total,LI,Liechtenstein,2019,38378,LIE,Europe,Western Europe,
TOTAL,TOTAL,Total,Total,LI,Liechtenstein,2020,38747,LIE,Europe,Western Europe,
TOTAL,TOTAL,Total,Total,LI,Liechtenstein,2021,39055,LIE,Europe,Western Europe,
TOTAL,TOTAL,Total,Total,LI,Liechtenstein,2022,39308,LIE,Europe,Western Europe,
TOTAL,TOTAL,Total,Total,LI,Liechtenstein,2023,39677,LIE,Europe,Western Europe,
TOTAL,TOTAL,Total,Total,LI,Liechtenstein,2024,40015,LIE,Europe,Western Europe,
TOTAL,TOTAL,Total,Total,LT,Lithuania,2014,2947862,LTU,Europe,Northern Europe,
TOTAL,TOTAL,Total,Total,LT,Lithuania,2015,2926644,LTU,Europe,Northern Europe,
TOTAL,TOTAL,Total,Total,LT,Lithuania,2016,2895573,LTU,Europe,Northern Europe,
TOTAL,TOTAL,Total,Total,LT,Lithuania,2017,2859077,LTU,Europe,Northern Europe,
TOTAL,TOTAL,Total,Total,LT,Lithuania,2018,2826200,LTU,Europe,Northern Europe,
TOTAL,TOTAL,Total,Total,LT,Lithuania,2019,2812200,LTU,Europe,Northern Europe,
TOTAL,TOTAL,Total,Total,LT,Lithuania,2020,2809977,LTU,Europe,Northern Europe,
TOTAL,TOTAL,Total,Total,LT,Lithuania,2021,2810761,LTU,Europe,Northern Europe,
TOTAL,TOTAL,Total,Total,LT,Lithuania,2022,2805998,LTU,Europe,Northern Europe,
TOTAL,TOTAL,Total,Total,LT,Lithuania,2023,2857279,LTU,Europe,Northern Europe,
TOTAL,TOTAL,Total,Total,LT,Lithuania,2024,2885891,LTU,Europe,Northern Europe,
TOTAL,TOTAL,Total,Total,LU,Luxembourg,2014,549680,LUX,Europe,Western Europe,
TOTAL,TOTAL,Total,Total,LU,Luxembourg,2015,562958,LUX,Europe,Western Europe,
TOTAL,TOTAL,Total,Total,LU,Luxembourg,2016,576249,LUX,Europe,Western Europe,
TOTAL,TOTAL,Total,Total,LU,Luxembourg,2017,590667,LUX,Europe,Western Europe,
TOTAL,TOTAL,Total,Total,LU,Luxembourg,2018,602005,LUX,Europe,Western Europe,
TOTAL,TOTAL,Total,Total,LU,Luxembourg,2019,613894,LUX,Europe,Western Europe,
TOTAL,TOTAL,Total,Total,LU,Luxembourg,2020,626108,LUX,Europe,Western Europe,
TOTAL,TOTAL,Total,Total,LU,Luxembourg,2021,634730,LUX,Europe,Western Europe,
TOTAL,TOTAL,Total,Total,LU,Luxembourg,2022,645397,LUX,Europe,Western Europe,
TOTAL,TOTAL,Total,Total,LU,Luxembourg,2023,660809,LUX,Europe,Western Europe,
TOTAL,TOTAL,Total,Total,LU,Luxembourg,2024,672050,LUX,Europe,Western Europe,
TOTAL,TOTAL,Total,Total,LV,Latvia,2014,2001468,LVA,Europe,Northern Europe,
TOTAL,TOTAL,Total,Total,LV,Latvia,2015,1986096,LVA,Europe,Northern Europe,
TOTAL,TOTAL,Total,Total,LV,Latvia,2016,1968957,LVA,Europe,Northern Europe,
TOTAL,TOTAL,Total,Total,LV,Latvia,2017,1950116,LVA,Europe,Northern Europe,
TOTAL,TOTAL,Total,Total,LV,Latvia,2018,1934379,LVA,Europe,Northern Europe,
TOTAL,TOTAL,Total,Total,LV,Latvia,2019,1919968,LVA,Europe,Northern Europe,
TOTAL,TOTAL,Total,Total,LV,Latvia,2020,1907675,LVA,Europe,Northern Europe,
TOTAL,TOTAL,Total,Total,LV,Latvia,2021,1893223,LVA,Europe,Northern Europe,
TOTAL,TOTAL,Total,Total,LV,Latvia,2022,1875757,LVA,Europe,Northern Europe,
TOTAL,TOTAL,Total,Total,LV,Latvia,2023,1883008,LVA,Europe,Northern Europe,
TOTAL,TOTAL,Total,Total,LV,Latvia,2024,1871882,LVA,Europe,Northern Europe,
TOTAL,TOTAL,Total,Total,MD,Moldova,2024,2423287,MDA,Europe,Eastern Europe,
TOTAL,TOTAL,Total,Total,ME,Montenegro,2022,617683,MNE,Europe,Southern Europe,
TOTAL,TOTAL,Total,Total,ME,Montenegro,2024,623680,MNE,Europe,Southern Europe,
TOTAL,TOTAL,Total,Total,MK,North Macedonia,2022,1837114,MKD,Europe,Southern Europe,
TOTAL,TOTAL,Total,Total,MT,Malta,2014,428156,MLT,Europe,Southern Europe,
TOTAL,TOTAL,Total,Total,MT,Malta,2015,438805,MLT,Europe,Southern Europe,
TOTAL,TOTAL,Total,Total,MT,Malta,2016,449635,MLT,Europe,Southern Europe,
TOTAL,TOTAL,Total,Total,MT,Malta,2017,459375,MLT,Europe,Southern Europe,
TOTAL,TOTAL,Total,Total,MT,Malta,2018,474837,MLT,Europe,Southern Europe,
TOTAL,TOTAL,Total,Total,MT,Malta,2019,492968,MLT,Europe,Southern Europe,
TOTAL,TOTAL,Total,Total,MT,Malta,2020,514855,MLT,Europe,Southern Europe,
TOTAL,TOTAL,Total,Total,MT,Malta,2021,516125,MLT,Europe,Southern Europe,
TOTAL,TOTAL,Total,Total,MT,Malta,2022,520174,MLT,Europe,Southern Europe,
TOTAL,TOTAL,Total,Total,MT,Malta,2023,542051,MLT,Europe,Southern Europe,
TOTAL,TOTAL,Total,Total,MT,Malta,2024,563443,MLT,Europe,Southern Europe,
TOTAL,TOTAL,Total,Total,NL,Netherlands,2014,16829289,NLD,Europe,Western Europe,
TOTAL,TOTAL,Total,Total,NL,Netherlands,2015,16900726,NLD,Europe,Western Europe,
TOTAL,TOTAL,Total,Total,NL,Netherlands,2016,16979120,NLD,Europe,Western Europe,
TOTAL,TOTAL,Total,Total,NL,Netherlands,2017,17081507,NLD,Europe,Western Europe,
TOTAL,TOTAL,Total,Total,NL,Netherlands,2018,17181084,NLD,Europe,Western Europe,
TOTAL,TOTAL,Total,Total,NL,Netherlands,2019,17282163,NLD,Europe,Western Europe,
TOTAL,TOTAL,Total,Total,NL,Netherlands,2020,17407585,NLD,Europe,Western Europe,
TOTAL,TOTAL,Total,Total,NL,Netherlands,2021,17475415,NLD,Europe,Western Europe,
TOTAL,TOTAL,Total,Total,NL,Netherlands,2022,17590672,NLD,Europe,Western Europe,
TOTAL,TOTAL,Total,Total,NL,Netherlands,2023,17811291,NLD,Europe,Western Europe,
TOTAL,TOTAL,Total,Total,NL,Netherlands,2024,17942942,NLD,Europe,Western Europe,
TOTAL,TOTAL,Total,Total,NO,Norway,2014,5109056,NOR,Europe,Northern Europe,
TOTAL,TOTAL,Total,Total,NO,Norway,2015,5165802,NOR,Europe,Northern Europe,
TOTAL,TOTAL,Total,Total,NO,Norway,2016,5213985,NOR,Europe,Northern Europe,
TOTAL,TOTAL,Total,Total,NO,Norway,2017,5258317,NOR,Europe,Northern Europe,
TOTAL,TOTAL,Total,Total,NO,Norway,2018,5295619,NOR,Europe,Northern Europe,
TOTAL,TOTAL,Total,Total,NO,Norway,2019,5328212,NOR,Europe,Northern Europe,
TOTAL,TOTAL,Total,Total,NO,Norway,2020,5367580,NOR,Europe,Northern Europe,
TOTAL,TOTAL,Total,Total,NO,Norway,2021,5391369,NOR,Europe,Northern Europe,
TOTAL,TOTAL,Total,Total,NO,Norway,2022,5425270,NOR,Europe,Northern Europe,
TOTAL,TOTAL,Total,Total,NO,Norway,2023,5488984,NOR,Europe,Northern Europe,
TOTAL,TOTAL,Total,Total,NO,Norway,2024,5550217,NOR,Europe,Northern Europe,
TOTAL,TOTAL,Total,Total,PL,Poland,2014,38017856,POL,Europe,Eastern Europe,
TOTAL,TOTAL,Total,Total,PL,Poland,2015,38005614,POL,Europe,Eastern Europe,
TOTAL,TOTAL,Total,Total,PL,Poland,2016,37967209,POL,Europe,Eastern Europe,
TOTAL,TOTAL,Total,Total,PL,Poland,2017,37972964,POL,Europe,Eastern Europe,
TOTAL,TOTAL,Total,Total,PL,Poland,2018,37976687,POL,Europe,Eastern Europe,
TOTAL,TOTAL,Total,Total,PL,Poland,2019,37972812,POL,Europe,Eastern Europe,
TOTAL,TOTAL,Total,Total,PL,Poland,2020,37958138,POL,Europe,Eastern Europe,
TOTAL,TOTAL,Total,Total,PL,Poland,2021,37073357,POL,Europe,Eastern Europe,
TOTAL,TOTAL,Total,Total,PL,Poland,2022,36889761,POL,Europe,Eastern Europe,
TOTAL,TOTAL,Total,Total,PL,Poland,2023,36753736,POL,Europe,Eastern Europe,
TOTAL,TOTAL,Total,Total,PL,Poland,2024,36620970,POL,Europe,Eastern Europe,
TOTAL,TOTAL,Total,Total,PT,Portugal,2014,10444092,PRT,Europe,Southern Europe,
TOTAL,TOTAL,Total,Total,PT,Portugal,2015,10395121,PRT,Europe,Southern Europe,
TOTAL,TOTAL,Total,Total,PT,Portugal,2016,10368554,PRT,Europe,Southern Europe,
TOTAL,TOTAL,Total,Total,PT,Portugal,2017,10344478,PRT,Europe,Southern Europe,
TOTAL,TOTAL,Total,Total,PT,Portugal,2018,10335770,PRT,Europe,Southern Europe,
TOTAL,TOTAL,Total,Total,PT,Portugal,2019,10333496,PRT,Europe,Southern Europe,
TOTAL,TOTAL,Total,Total,PT,Portugal,2020,10375395,PRT,Europe,Southern Europe,
TOTAL,TOTAL,Total,Total,PT,Portugal,2021,10394297,PRT,Europe,Southern Europe,
TOTAL,TOTAL,Total,Total,PT,Portugal,2022,10421117,PRT,Europe,Southern Europe,
TOTAL,TOTAL,Total,Total,PT,Portugal,2023,10516621,PRT,Europe,Southern Europe,
TOTAL,TOTAL,Total,Total,PT,Portugal,2024,10639726,PRT,Europe,Southern Europe,
TOTAL,TOTAL,Total,Total,RO,Romania,2014,19947311,ROU,Europe,Eastern Europe,
TOTAL,TOTAL,Total,Total,RO,Romania,2015,19870647,ROU,Europe,Eastern Europe,
TOTAL,TOTAL,Total,Total,RO,Romania,2016,19760585,ROU,Europe,Eastern Europe,
TOTAL,TOTAL,Total,Total,RO,Romania,2017,19643949,ROU,Europe,Eastern Europe,
TOTAL,TOTAL,Total,Total,RO,Romania,2018,19533481,ROU,Europe,Eastern Europe,
TOTAL,TOTAL,Total,Total,RO,Romania,2019,19414458,ROU,Europe,Eastern Europe,
TOTAL,TOTAL,Total,Total,RO,Romania,2020,19328838,ROU,Europe,Eastern Europe,
TOTAL,TOTAL,Total,Total,RO,Romania,2021,19201662,ROU,Europe,Eastern Europe,
TOTAL,TOTAL,Total,Total,RO,Romania,2023,19054548,ROU,Europe,Eastern Europe,
TOTAL,TOTAL,Total,Total,RO,Romania,2024,19067576,ROU,Europe,Eastern Europe,
TOTAL,TOTAL,Total,Total,RS,Serbia,2022,6797105,SRB,Europe,Southern Europe,
TOTAL,TOTAL,Total,Total,RS,Serbia,2024,6605168,SRB,Europe,Southern Europe,
TOTAL,TOTAL,Total,Total,SE,Sweden,2014,9644864,SWE,Europe,Northern Europe,
TOTAL,TOTAL,Total,Total,SE,Sweden,2015,9747355,SWE,Europe,Northern Europe,
TOTAL,TOTAL,Total,Total,SE,Sweden,2016,9851017,SWE,Europe,Northern Europe,
TOTAL,TOTAL,Total,Total,SE,Sweden,2017,9995153,SWE,Europe,Northern Europe,
TOTAL,TOTAL,Total,Total,SE,Sweden,2018,10120242,SWE,Europe,Northern Europe,
TOTAL,TOTAL,Total,Total,SE,Sweden,2019,10230185,SWE,Europe,Northern Europe,
TOTAL,TOTAL,Total,Total,SE,Sweden,2020,10327589,SWE,Europe,Northern Europe,
TOTAL,TOTAL,Total,Total,SE,Sweden,2021,10379295,SWE,Europe,Northern Europe,
TOTAL,TOTAL,Total,Total,SE,Sweden,2022,10452326,SWE,Europe,Northern Europe,
TOTAL,TOTAL,Total,Total,SE,Sweden,2023,10521556,SWE,Europe,Northern Europe,
TOTAL,TOTAL,Total,Total,SE,Sweden,2024,10551707,SWE,Europe,Northern Europe,
TOTAL,TOTAL,Total,Total,SI,Slovenia,2014,2061085,SVN,Europe,Southern Europe,
TOTAL,TOTAL,Total,Total,SI,Slovenia,2015,2062874,SVN,Europe,Southern Europe,
TOTAL,TOTAL,Total,Total,SI,Slovenia,2016,2064188,SVN,Europe,Southern Europe,
TOTAL,TOTAL,Total,Total,SI,Slovenia,2017,2065895,SVN,Europe,Southern Europe,
TOTAL,TOTAL,Total,Total,SI,Slovenia,2018,2066880,SVN,Europe,Southern Europe,
TOTAL,TOTAL,Total,Total,SI,Slovenia,2019,2080908,SVN,Europe,Southern Europe,
TOTAL,TOTAL,Total,Total,SI,Slovenia,2020,2095861,SVN,Europe,Southern Europe,
TOTAL,TOTAL,Total,Total,SI,Slovenia,2021,2108977,SVN,Europe,Southern Europe,
TOTAL,TOTAL,Total,Total,SI,Slovenia,2022,2107180,SVN,Europe,Southern Europe,
TOTAL,TOTAL,Total,Total,SI,Slovenia,2023,2116972,SVN,Europe,Southern Europe,
TOTAL,TOTAL,Total,Total,SI,Slovenia,2024,2123949,SVN,Europe,Southern Europe,
TOTAL,TOTAL,Total,Total,SK,Slovakia,2014,5415949,SVK,Europe,Eastern Europe,
TOTAL,TOTAL,Total,Total,SK,Slovakia,2015,5421349,SVK,Europe,Eastern Europe,
TOTAL,TOTAL,Total,Total,SK,Slovakia,2016,5426252,SVK,Europe,Eastern Europe,
TOTAL,TOTAL,Total,Total,SK,Slovakia,2017,5435343,SVK,Europe,Eastern Europe,
TOTAL,TOTAL,Total,Total,SK,Slovakia,2018,5443120,SVK,Europe,Eastern Europe,
TOTAL,TOTAL,Total,Total,SK,Slovakia,2019,5450421,SVK,Europe,Eastern Europe,
TOTAL,TOTAL,Total,Total,SK,Slovakia,2020,5457873,SVK,Europe,Eastern Europe,
TOTAL,TOTAL,Total,Total,SK,Slovakia,2021,5459781,SVK,Europe,Eastern Europe,
TOTAL,TOTAL,Total,Total,SK,Slovakia,2022,5434712,SVK,Europe,Eastern Europe,
TOTAL,TOTAL,Total,Total,SK,Slovakia,2023,5428792,SVK,Europe,Eastern Europe,
TOTAL,TOTAL,Total,Total,SK,Slovakia,2024,5424687,SVK,Europe,Eastern Europe,
TOTAL,TOTAL,Total,Total,TR,Türkiye,2014,76667864,TUR,Asia,Western Asia,
TOTAL,TOTAL,Total,Total,TR,Türkiye,2015,77695904,TUR,Asia,Western Asia,
TOTAL,TOTAL,Total,Total,TR,Türkiye,2016,78741053,TUR,Asia,Western Asia,
TOTAL,TOTAL,Total,Total,TR,Türkiye,2017,79814871,TUR,Asia,Western Asia,
TOTAL,TOTAL,Total,Total,TR,Türkiye,2018,80810525,TUR,Asia,Western Asia,
TOTAL,TOTAL,Total,Total,TR,Türkiye,2019,82003882,TUR,Asia,Western Asia,
TOTAL,TOTAL,Total,Total,TR,Türkiye,2020,83154997,TUR,Asia,Western Asia,
TOTAL,TOTAL,Total,Total,TR,Türkiye,2023,85279553,TUR,Asia,Western Asia,
TOTAL,TOTAL,Total,Total,TR,Türkiye,2024,85372377,TUR,Asia,Western Asia,
TOTAL,TOTAL,Total,Total,UA,Ukraine,2021,41418717,UKR,Europe,Eastern Europe,
TOTAL,TOTAL,Total,Total,UA,Ukraine,2022,40997698,UKR,Europe,Eastern Europe,
TOTAL,TOTAL,Total,Total,UK,United Kingdom,2014,64351203,GBR,Europe,Northern Europe,
TOTAL,TOTAL,Total,Total,UK,United Kingdom,2015,64853393,GBR,Europe,Northern Europe,
TOTAL,TOTAL,Total,Total,UK,United Kingdom,2016,65379044,GBR,Europe,Northern Europe,
TOTAL,TOTAL,Total,Total,UK,United Kingdom,2017,65844142,GBR,Europe,Northern Europe,
TOTAL,TOTAL,Total,Total,UK,United Kingdom,2018,66273576,GBR,Europe,Northern Europe,
TOTAL,TOTAL,Total,Total,UK,United Kingdom,2019,66647112,GBR,Europe,Northern Europe,
