DATAFLOW,LAST UPDATE,freq,na_item,ppp_cat,geo,TIME_PERIOD,OBS_VALUE,OBS_FLAG,CONF_STATUS
ESTAT:TEC00114(1.0),27/03/25 11:00:00,Annual,Volume indices of real expenditure per capita (in PPS_EU27_2020=100),Gross domestic product,Albania,2013,29,,
ESTAT:TEC00114(1.0),27/03/25 11:00:00,Annual,Volume indices of real expenditure per capita (in PPS_EU27_2020=100),Gross domestic product,Albania,2014,30,,
ESTAT:TEC00114(1.0),27/03/25 11:00:00,Annual,Volume indices of real expenditure per capita (in PPS_EU27_2020=100),Gross domestic product,Albania,2015,30,,
ESTAT:TEC00114(1.0),27/03/25 11:00:00,Annual,Volume indices of real expenditure per capita (in PPS_EU27_2020=100),Gross domestic product,Albania,2016,29,,
ESTAT:TEC00114(1.0),27/03/25 11:00:00,Annual,Volume indices of real expenditure per capita (in PPS_EU27_2020=100),Gross domestic product,Albania,2017,30,,
ESTAT:TEC00114(1.0),27/03/25 11:00:00,Annual,Volume indices of real expenditure per capita (in PPS_EU27_2020=100),Gross domestic product,Albania,2018,30,,
ESTAT:TEC00114(1.0),27/03/25 11:00:00,Annual,Volume indices of real expenditure per capita (in PPS_EU27_2020=100),Gross domestic product,Albania,2019,30,,
ESTAT:TEC00114(1.0),27/03/25 11:00:00,Annual,Volume indices of real expenditure per capita (in PPS_EU27_2020=100),Gross domestic product,Albania,2020,30,,
ESTAT:TEC00114(1.0),27/03/25 11:00:00,Annual,Volume indices of real expenditure per capita (in PPS_EU27_2020=100),Gross domestic product,Albania,2021,31,,
ESTAT:TEC00114(1.0),27/03/25 11:00:00,Annual,Volume indices of real expenditure per capita (in PPS_EU27_2020=100),Gross domestic product,Albania,2022,34,,
ESTAT:TEC00114(1.0),27/03/25 11:00:00,Annual,Volume indices of real expenditure per capita (in PPS_EU27_2020=100),Gross domestic product,Albania,2023,36,p,
ESTAT:TEC00114(1.0),27/03/25 11:00:00,Annual,Volume indices of real expenditure per capita (in PPS_EU27_2020=100),Gross domestic product,Austria,2013,131,,
ESTAT:TEC00114(1.0),27/03/25 11:00:00,Annual,Volume indices of real expenditure per capita (in PPS_EU27_2020=100),Gross domestic product,Austria,2014,129,,
ESTAT:TEC00114(1.0),27/03/25 11:00:00,Annual,Volume indices of real expenditure per capita (in PPS_EU27_2020=100),Gross domestic product,Austria,2015,128,,
ESTAT:TEC00114(1.0),27/03/25 11:00:00,Annual,Volume indices of real expenditure per capita (in PPS_EU27_2020=100),Gross domestic product,Austria,2016,128,,
ESTAT:TEC00114(1.0),27/03/25 11:00:00,Annual,Volume indices of real expenditure per capita (in PPS_EU27_2020=100),Gross domestic product,Austria,2017,125,,
ESTAT:TEC00114(1.0),27/03/25 11:00:00,Annual,Volume indices of real expenditure per capita (in PPS_EU27_2020=100),Gross domestic product,Austria,2018,126,,
ESTAT:TEC00114(1.0),27/03/25 11:00:00,Annual,Volume indices of real expenditure per capita (in PPS_EU27_2020=100),Gross domestic product,Austria,2019,124,,
ESTAT:TEC00114(1.0),27/03/25 11:00:00,Annual,Volume indices of real expenditure per capita (in PPS_EU27_2020=100),Gross domestic product,Austria,2020,123,,
ESTAT:TEC00114(1.0),27/03/25 11:00:00,Annual,Volume indices of real expenditure per capita (in PPS_EU27_2020=100),Gross domestic product,Austria,2021,121,,
ESTAT:TEC00114(1.0),27/03/25 11:00:00,Annual,Volume indices of real expenditure per capita (in PPS_EU27_2020=100),Gross domestic product,Austria,2022,123,,
ESTAT:TEC00114(1.0),27/03/25 11:00:00,Annual,Volume indices of real expenditure per capita (in PPS_EU27_2020=100),Gross domestic product,Austria,2023,120,,
ESTAT:TEC00114(1.0),27/03/25 11:00:00,Annual,Volume indices of real expenditure per capita (in PPS_EU27_2020=100),Gross domestic product,Austria,2024,115,p,
ESTAT:TEC00114(1.0),27/03/25 11:00:00,Annual,Volume indices of real expenditure per capita (in PPS_EU27_2020=100),Gross domestic product,Bosnia and Herzegovina,2013,30,,
ESTAT:TEC00114(1.0),27/03/25 11:00:00,Annual,Volume indices of real expenditure per capita (in PPS_EU27_2020=100),Gross domestic product,Bosnia and Herzegovina,2014,30,,
ESTAT:TEC00114(1.0),27/03/25 11:00:00,Annual,Volume indices of real expenditure per capita (in PPS_EU27_2020=100),Gross domestic product,Bosnia and Herzegovina,2015,31,,
ESTAT:TEC00114(1.0),27/03/25 11:00:00,Annual,Volume indices of real expenditure per capita (in PPS_EU27_2020=100),Gross domestic product,Bosnia and Herzegovina,2016,31,,
ESTAT:TEC00114(1.0),27/03/25 11:00:00,Annual,Volume indices of real expenditure per capita (in PPS_EU27_2020=100),Gross domestic product,Bosnia and Herzegovina,2017,31,,
ESTAT:TEC00114(1.0),27/03/25 11:00:00,Annual,Volume indices of real expenditure per capita (in PPS_EU27_2020=100),Gross domestic product,Bosnia and Herzegovina,2018,32,,
ESTAT:TEC00114(1.0),27/03/25 11:00:00,Annual,Volume indices of real expenditure per capita (in PPS_EU27_2020=100),Gross domestic product,Bosnia and Herzegovina,2019,32,,
ESTAT:TEC00114(1.0),27/03/25 11:00:00,Annual,Volume indices of real expenditure per capita (in PPS_EU27_2020=100),Gross domestic product,Bosnia and Herzegovina,2020,33,,
ESTAT:TEC00114(1.0),27/03/25 11:00:00,Annual,Volume indices of real expenditure per capita (in PPS_EU27_2020=100),Gross domestic product,Bosnia and Herzegovina,2021,33,,
ESTAT:TEC00114(1.0),27/03/25 11:00:00,Annual,Volume indices of real expenditure per capita (in PPS_EU27_2020=100),Gross domestic product,Bosnia and Herzegovina,2022,34,,
ESTAT:TEC00114(1.0),27/03/25 11:00:00,Annual,Volume indices of real expenditure per capita (in PPS_EU27_2020=100),Gross domestic product,Bosnia and Herzegovina,2023,36,,
ESTAT:TEC00114(1.0),27/03/25 11:00:00,Annual,Volume indices of real expenditure per capita (in PPS_EU27_2020=100),Gross domestic product,Belgium,2013,121,,
ESTAT:TEC00114(1.0),27/03/25 11:00:00,Annual,Volume indices of real expenditure per capita (in PPS_EU27_2020=100),Gross domestic product,Belgium,2014,121,,
ESTAT:TEC00114(1.0),27/03/25 11:00:00,Annual,Volume indices of real expenditure per capita (in PPS_EU27_2020=100),Gross domestic product,Belgium,2015,119,,
ESTAT:TEC00114(1.0),27/03/25 11:00:00,Annual,Volume indices of real expenditure per capita (in PPS_EU27_2020=100),Gross domestic product,Belgium,2016,118,,
ESTAT:TEC00114(1.0),27/03/25 11:00:00,Annual,Volume indices of real expenditure per capita (in PPS_EU27_2020=100),Gross domestic product,Belgium,2017,117,,
ESTAT:TEC00114(1.0),27/03/25 11:00:00,Annual,Volume indices of real expenditure per capita (in PPS_EU27_2020=100),Gross domestic product,Belgium,2018,116,,
ESTAT:TEC00114(1.0),27/03/25 11:00:00,Annual,Volume indices of real expenditure per capita (in PPS_EU27_2020=100),Gross domestic product,Belgium,2019,117,,
ESTAT:TEC00114(1.0),27/03/25 11:00:00,Annual,Volume indices of real expenditure per capita (in PPS_EU27_2020=100),Gross domestic product,Belgium,2020,118,,
ESTAT:TEC00114(1.0),27/03/25 11:00:00,Annual,Volume indices of real expenditure per capita (in PPS_EU27_2020=100),Gross domestic product,Belgium,2021,117,,
ESTAT:TEC00114(1.0),27/03/25 11:00:00,Annual,Volume indices of real expenditure per capita (in PPS_EU27_2020=100),Gross domestic product,Belgium,2022,119,,
ESTAT:TEC00114(1.0),27/03/25 11:00:00,Annual,Volume indices of real expenditure per capita (in PPS_EU27_2020=100),Gross domestic product,Belgium,2023,118,p,
ESTAT:TEC00114(1.0),27/03/25 11:00:00,Annual,Volume indices of real expenditure per capita (in PPS_EU27_2020=100),Gross domestic product,Belgium,2024,117,p,
ESTAT:TEC00114(1.0),27/03/25 11:00:00,Annual,Volume indices of real expenditure per capita (in PPS_EU27_2020=100),Gross domestic product,Bulgaria,2013,46,,
ESTAT:TEC00114(1.0),27/03/25 11:00:00,Annual,Volume indices of real expenditure per capita (in PPS_EU27_2020=100),Gross domestic product,Bulgaria,2014,48,,
ESTAT:TEC00114(1.0),27/03/25 11:00:00,Annual,Volume indices of real expenditure per capita (in PPS_EU27_2020=100),Gross domestic product,Bulgaria,2015,49,,
ESTAT:TEC00114(1.0),27/03/25 11:00:00,Annual,Volume indices of real expenditure per capita (in PPS_EU27_2020=100),Gross domestic product,Bulgaria,2016,51,,
ESTAT:TEC00114(1.0),27/03/25 11:00:00,Annual,Volume indices of real expenditure per capita (in PPS_EU27_2020=100),Gross domestic product,Bulgaria,2017,52,,
ESTAT:TEC00114(1.0),27/03/25 11:00:00,Annual,Volume indices of real expenditure per capita (in PPS_EU27_2020=100),Gross domestic product,Bulgaria,2018,53,,
ESTAT:TEC00114(1.0),27/03/25 11:00:00,Annual,Volume indices of real expenditure per capita (in PPS_EU27_2020=100),Gross domestic product,Bulgaria,2019,55,,
ESTAT:TEC00114(1.0),27/03/25 11:00:00,Annual,Volume indices of real expenditure per capita (in PPS_EU27_2020=100),Gross domestic product,Bulgaria,2020,57,,
ESTAT:TEC00114(1.0),27/03/25 11:00:00,Annual,Volume indices of real expenditure per capita (in PPS_EU27_2020=100),Gross domestic product,Bulgaria,2021,60,,
ESTAT:TEC00114(1.0),27/03/25 11:00:00,Annual,Volume indices of real expenditure per capita (in PPS_EU27_2020=100),Gross domestic product,Bulgaria,2022,62,,
ESTAT:TEC00114(1.0),27/03/25 11:00:00,Annual,Volume indices of real expenditure per capita (in PPS_EU27_2020=100),Gross domestic product,Bulgaria,2023,64,,
ESTAT:TEC00114(1.0),27/03/25 11:00:00,Annual,Volume indices of real expenditure per capita (in PPS_EU27_2020=100),Gross domestic product,Bulgaria,2024,66,p,
ESTAT:TEC00114(1.0),27/03/25 11:00:00,Annual,Volume indices of real expenditure per capita (in PPS_EU27_2020=100),Gross domestic product,Switzerland,2013,170,,
ESTAT:TEC00114(1.0),27/03/25 11:00:00,Annual,Volume indices of real expenditure per capita (in PPS_EU27_2020=100),Gross domestic product,Switzerland,2014,169,,
ESTAT:TEC00114(1.0),27/03/25 11:00:00,Annual,Volume indices of real expenditure per capita (in PPS_EU27_2020=100),Gross domestic product,Switzerland,2015,169,,
ESTAT:TEC00114(1.0),27/03/25 11:00:00,Annual,Volume indices of real expenditure per capita (in PPS_EU27_2020=100),Gross domestic product,Switzerland,2016,164,,
ESTAT:TEC00114(1.0),27/03/25 11:00:00,Annual,Volume indices of real expenditure per capita (in PPS_EU27_2020=100),Gross domestic product,Switzerland,2017,158,,
ESTAT:TEC00114(1.0),27/03/25 11:00:00,Annual,Volume indices of real expenditure per capita (in PPS_EU27_2020=100),Gross domestic product,Switzerland,2018,157,,
ESTAT:TEC00114(1.0),27/03/25 11:00:00,Annual,Volume indices of real expenditure per capita (in PPS_EU27_2020=100),Gross domestic product,Switzerland,2019,152,,
ESTAT:TEC00114(1.0),27/03/25 11:00:00,Annual,Volume indices of real expenditure per capita (in PPS_EU27_2020=100),Gross domestic product,Switzerland,2020,153,,
ESTAT:TEC00114(1.0),27/03/25 11:00:00,Annual,Volume indices of real expenditure per capita (in PPS_EU27_2020=100),Gross domestic product,Switzerland,2021,156,,
ESTAT:TEC00114(1.0),27/03/25 11:00:00,Annual,Volume indices of real expenditure per capita (in PPS_EU27_2020=100),Gross domestic product,Switzerland,2022,159,,
ESTAT:TEC00114(1.0),27/03/25 11:00:00,Annual,Volume indices of real expenditure per capita (in PPS_EU27_2020=100),Gross domestic product,Switzerland,2023,154,p,
ESTAT:TEC00114(1.0),27/03/25 11:00:00,Annual,Volume indices of real expenditure per capita (in PPS_EU27_2020=100),Gross domestic product,Cyprus,2013,84,,
ESTAT:TEC00114(1.0),27/03/25 11:00:00,Annual,Volume indices of real expenditure per capita (in PPS_EU27_2020=100),Gross domestic product,Cyprus,2014,81,,
ESTAT:TEC00114(1.0),27/03/25 11:00:00,Annual,Volume indices of real expenditure per capita (in PPS_EU27_2020=100),Gross domestic product,Cyprus,2015,83,,
ESTAT:TEC00114(1.0),27/03/25 11:00:00,Annual,Volume indices of real expenditure per capita (in PPS_EU27_2020=100),Gross domestic product,Cyprus,2016,88,,
ESTAT:TEC00114(1.0),27/03/25 11:00:00,Annual,Volume indices of real expenditure per capita (in PPS_EU27_2020=100),Gross domestic product,Cyprus,2017,89,,
ESTAT:TEC00114(1.0),27/03/25 11:00:00,Annual,Volume indices of real expenditure per capita (in PPS_EU27_2020=100),Gross domestic product,Cyprus,2018,91,,
ESTAT:TEC00114(1.0),27/03/25 11:00:00,Annual,Volume indices of real expenditure per capita (in PPS_EU27_2020=100),Gross domestic product,Cyprus,2019,93,,
ESTAT:TEC00114(1.0),27/03/25 11:00:00,Annual,Volume indices of real expenditure per capita (in PPS_EU27_2020=100),Gross domestic product,Cyprus,2020,91,,
ESTAT:TEC00114(1.0),27/03/25 11:00:00,Annual,Volume indices of real expenditure per capita (in PPS_EU27_2020=100),Gross domestic product,Cyprus,2021,94,,
ESTAT:TEC00114(1.0),27/03/25 11:00:00,Annual,Volume indices of real expenditure per capita (in PPS_EU27_2020=100),Gross domestic product,Cyprus,2022,98,,
ESTAT:TEC00114(1.0),27/03/25 11:00:00,Annual,Volume indices of real expenditure per capita (in PPS_EU27_2020=100),Gross domestic product,Cyprus,2023,97,p,
ESTAT:TEC00114(1.0),27/03/25 11:00:00,Annual,Volume indices of real expenditure per capita (in PPS_EU27_2020=100),Gross domestic product,Cyprus,2024,95,p,
ESTAT:TEC00114(1.0),27/03/25 11:00:00,Annual,Volume indices of real expenditure per capita (in PPS_EU27_2020=100),Gross domestic product,Czechia,2013,85,,
ESTAT:TEC00114(1.0),27/03/25 11:00:00,Annual,Volume indices of real expenditure per capita (in PPS_EU27_2020=100),Gross domestic product,Czechia,2014,88,,
ESTAT:TEC00114(1.0),27/03/25 11:00:00,Annual,Volume indices of real expenditure per capita (in PPS_EU27_2020=100),Gross domestic product,Czechia,2015,89,,
ESTAT:TEC00114(1.0),27/03/25 11:00:00,Annual,Volume indices of real expenditure per capita (in PPS_EU27_2020=100),Gross domestic product,Czechia,2016,89,,
ESTAT:TEC00114(1.0),27/03/25 11:00:00,Annual,Volume indices of real expenditure per capita (in PPS_EU27_2020=100),Gross domestic product,Czechia,2017,92,,
ESTAT:TEC00114(1.0),27/03/25 11:00:00,Annual,Volume indices of real expenditure per capita (in PPS_EU27_2020=100),Gross domestic product,Czechia,2018,93,,
ESTAT:TEC00114(1.0),27/03/25 11:00:00,Annual,Volume indices of real expenditure per capita (in PPS_EU27_2020=100),Gross domestic product,Czechia,2019,95,,
ESTAT:TEC00114(1.0),27/03/25 11:00:00,Annual,Volume indices of real expenditure per capita (in PPS_EU27_2020=100),Gross domestic product,Czechia,2020,96,,
ESTAT:TEC00114(1.0),27/03/25 11:00:00,Annual,Volume indices of real expenditure per capita (in PPS_EU27_2020=100),Gross domestic product,Czechia,2021,92,,
ESTAT:TEC00114(1.0),27/03/25 11:00:00,Annual,Volume indices of real expenditure per capita (in PPS_EU27_2020=100),Gross domestic product,Czechia,2022,89,,
ESTAT:TEC00114(1.0),27/03/25 11:00:00,Annual,Volume indices of real expenditure per capita (in PPS_EU27_2020=100),Gross domestic product,Czechia,2023,90,,
ESTAT:TEC00114(1.0),27/03/25 11:00:00,Annual,Volume indices of real expenditure per capita (in PPS_EU27_2020=100),Gross domestic product,Czechia,2024,91,p,
ESTAT:TEC00114(1.0),27/03/25 11:00:00,Annual,Volume indices of real expenditure per capita (in PPS_EU27_2020=100),Gross domestic product,Germany,2013,126,,
ESTAT:TEC00114(1.0),27/03/25 11:00:00,Annual,Volume indices of real expenditure per capita (in PPS_EU27_2020=100),Gross domestic product,Germany,2014,128,,
ESTAT:TEC00114(1.0),27/03/25 11:00:00,Annual,Volume indices of real expenditure per capita (in PPS_EU27_2020=100),Gross domestic product,Germany,2015,126,,
ESTAT:TEC00114(1.0),27/03/25 11:00:00,Annual,Volume indices of real expenditure per capita (in PPS_EU27_2020=100),Gross domestic product,Germany,2016,126,,
ESTAT:TEC00114(1.0),27/03/25 11:00:00,Annual,Volume indices of real expenditure per capita (in PPS_EU27_2020=100),Gross domestic product,Germany,2017,126,,
ESTAT:TEC00114(1.0),27/03/25 11:00:00,Annual,Volume indices of real expenditure per capita (in PPS_EU27_2020=100),Gross domestic product,Germany,2018,125,,
ESTAT:TEC00114(1.0),27/03/25 11:00:00,Annual,Volume indices of real expenditure per capita (in PPS_EU27_2020=100),Gross domestic product,Germany,2019,122,,
ESTAT:TEC00114(1.0),27/03/25 11:00:00,Annual,Volume indices of real expenditure per capita (in PPS_EU27_2020=100),Gross domestic product,Germany,2020,123,,
ESTAT:TEC00114(1.0),27/03/25 11:00:00,Annual,Volume indices of real expenditure per capita (in PPS_EU27_2020=100),Gross domestic product,Germany,2021,120,,
ESTAT:TEC00114(1.0),27/03/25 11:00:00,Annual,Volume indices of real expenditure per capita (in PPS_EU27_2020=100),Gross domestic product,Germany,2022,118,,
ESTAT:TEC00114(1.0),27/03/25 11:00:00,Annual,Volume indices of real expenditure per capita (in PPS_EU27_2020=100),Gross domestic product,Germany,2023,116,p,
ESTAT:TEC00114(1.0),27/03/25 11:00:00,Annual,Volume indices of real expenditure per capita (in PPS_EU27_2020=100),Gross domestic product,Germany,2024,115,p,
ESTAT:TEC00114(1.0),27/03/25 11:00:00,Annual,Volume indices of real expenditure per capita (in PPS_EU27_2020=100),Gross domestic product,Denmark,2013,129,,
ESTAT:TEC00114(1.0),27/03/25 11:00:00,Annual,Volume indices of real expenditure per capita (in PPS_EU27_2020=100),Gross domestic product,Denmark,2014,128,,
ESTAT:TEC00114(1.0),27/03/25 11:00:00,Annual,Volume indices of real expenditure per capita (in PPS_EU27_2020=100),Gross domestic product,Denmark,2015,127,,
ESTAT:TEC00114(1.0),27/03/25 11:00:00,Annual,Volume indices of real expenditure per capita (in PPS_EU27_2020=100),Gross domestic product,Denmark,2016,126,,
ESTAT:TEC00114(1.0),27/03/25 11:00:00,Annual,Volume indices of real expenditure per capita (in PPS_EU27_2020=100),Gross domestic product,Denmark,2017,128,,
ESTAT:TEC00114(1.0),27/03/25 11:00:00,Annual,Volume indices of real expenditure per capita (in PPS_EU27_2020=100),Gross domestic product,Denmark,2018,127,,
ESTAT:TEC00114(1.0),27/03/25 11:00:00,Annual,Volume indices of real expenditure per capita (in PPS_EU27_2020=100),Gross domestic product,Denmark,2019,125,,
ESTAT:TEC00114(1.0),27/03/25 11:00:00,Annual,Volume indices of real expenditure per capita (in PPS_EU27_2020=100),Gross domestic product,Denmark,2020,132,,
ESTAT:TEC00114(1.0),27/03/25 11:00:00,Annual,Volume indices of real expenditure per capita (in PPS_EU27_2020=100),Gross domestic product,Denmark,2021,134,,
ESTAT:TEC00114(1.0),27/03/25 11:00:00,Annual,Volume indices of real expenditure per capita (in PPS_EU27_2020=100),Gross domestic product,Denmark,2022,135,,
ESTAT:TEC00114(1.0),27/03/25 11:00:00,Annual,Volume indices of real expenditure per capita (in PPS_EU27_2020=100),Gross domestic product,Denmark,2023,125,,
ESTAT:TEC00114(1.0),27/03/25 11:00:00,Annual,Volume indices of real expenditure per capita (in PPS_EU27_2020=100),Gross domestic product,Denmark,2024,128,p,
ESTAT:TEC00114(1.0),27/03/25 11:00:00,Annual,Volume indices of real expenditure per capita (in PPS_EU27_2020=100),Gross domestic product,Euro area - 19 countries  (2015-2022),2013,108,,
ESTAT:TEC00114(1.0),27/03/25 11:00:00,Annual,Volume indices of real expenditure per capita (in PPS_EU27_2020=100),Gross domestic product,Euro area - 19 countries  (2015-2022),2014,108,,
ESTAT:TEC00114(1.0),27/03/25 11:00:00,Annual,Volume indices of real expenditure per capita (in PPS_EU27_2020=100),Gross domestic product,Euro area - 19 countries  (2015-2022),2015,108,,
ESTAT:TEC00114(1.0),27/03/25 11:00:00,Annual,Volume indices of real expenditure per capita (in PPS_EU27_2020=100),Gross domestic product,Euro area - 19 countries  (2015-2022),2016,107,,
ESTAT:TEC00114(1.0),27/03/25 11:00:00,Annual,Volume indices of real expenditure per capita (in PPS_EU27_2020=100),Gross domestic product,Euro area - 19 countries  (2015-2022),2017,107,,
ESTAT:TEC00114(1.0),27/03/25 11:00:00,Annual,Volume indices of real expenditure per capita (in PPS_EU27_2020=100),Gross domestic product,Euro area - 19 countries  (2015-2022),2018,106,,
ESTAT:TEC00114(1.0),27/03/25 11:00:00,Annual,Volume indices of real expenditure per capita (in PPS_EU27_2020=100),Gross domestic product,Euro area - 19 countries  (2015-2022),2019,106,,
ESTAT:TEC00114(1.0),27/03/25 11:00:00,Annual,Volume indices of real expenditure per capita (in PPS_EU27_2020=100),Gross domestic product,Euro area - 19 countries  (2015-2022),2020,105,,
ESTAT:TEC00114(1.0),27/03/25 11:00:00,Annual,Volume indices of real expenditure per capita (in PPS_EU27_2020=100),Gross domestic product,Euro area - 19 countries  (2015-2022),2021,105,,
ESTAT:TEC00114(1.0),27/03/25 11:00:00,Annual,Volume indices of real expenditure per capita (in PPS_EU27_2020=100),Gross domestic product,Euro area - 19 countries  (2015-2022),2022,105,,
ESTAT:TEC00114(1.0),27/03/25 11:00:00,Annual,Volume indices of real expenditure per capita (in PPS_EU27_2020=100),Gross domestic product,Euro area - 19 countries  (2015-2022),2023,105,,
ESTAT:TEC00114(1.0),27/03/25 11:00:00,Annual,Volume indices of real expenditure per capita (in PPS_EU27_2020=100),Gross domestic product,Euro area - 19 countries  (2015-2022),2024,104,p,
ESTAT:TEC00114(1.0),27/03/25 11:00:00,Annual,Volume indices of real expenditure per capita (in PPS_EU27_2020=100),Gross domestic product,Euro area – 20 countries (from 2023),2013,108,,
ESTAT:TEC00114(1.0),27/03/25 11:00:00,Annual,Volume indices of real expenditure per capita (in PPS_EU27_2020=100),Gross domestic product,Euro area – 20 countries (from 2023),2014,107,,
ESTAT:TEC00114(1.0),27/03/25 11:00:00,Annual,Volume indices of real expenditure per capita (in PPS_EU27_2020=100),Gross domestic product,Euro area – 20 countries (from 2023),2015,107,,
ESTAT:TEC00114(1.0),27/03/25 11:00:00,Annual,Volume indices of real expenditure per capita (in PPS_EU27_2020=100),Gross domestic product,Euro area – 20 countries (from 2023),2016,107,,
ESTAT:TEC00114(1.0),27/03/25 11:00:00,Annual,Volume indices of real expenditure per capita (in PPS_EU27_2020=100),Gross domestic product,Euro area – 20 countries (from 2023),2017,106,,
ESTAT:TEC00114(1.0),27/03/25 11:00:00,Annual,Volume indices of real expenditure per capita (in PPS_EU27_2020=100),Gross domestic product,Euro area – 20 countries (from 2023),2018,106,,
ESTAT:TEC00114(1.0),27/03/25 11:00:00,Annual,Volume indices of real expenditure per capita (in PPS_EU27_2020=100),Gross domestic product,Euro area – 20 countries (from 2023),2019,105,,
ESTAT:TEC00114(1.0),27/03/25 11:00:00,Annual,Volume indices of real expenditure per capita (in PPS_EU27_2020=100),Gross domestic product,Euro area – 20 countries (from 2023),2020,104,,
ESTAT:TEC00114(1.0),27/03/25 11:00:00,Annual,Volume indices of real expenditure per capita (in PPS_EU27_2020=100),Gross domestic product,Euro area – 20 countries (from 2023),2021,104,,
ESTAT:TEC00114(1.0),27/03/25 11:00:00,Annual,Volume indices of real expenditure per capita (in PPS_EU27_2020=100),Gross domestic product,Euro area – 20 countries (from 2023),2022,104,,
ESTAT:TEC00114(1.0),27/03/25 11:00:00,Annual,Volume indices of real expenditure per capita (in PPS_EU27_2020=100),Gross domestic product,Euro area – 20 countries (from 2023),2023,104,,
ESTAT:TEC00114(1.0),27/03/25 11:00:00,Annual,Volume indices of real expenditure per capita (in PPS_EU27_2020=100),Gross domestic product,Euro area – 20 countries (from 2023),2024,104,p,
ESTAT:TEC00114(1.0),27/03/25 11:00:00,Annual,Volume indices of real expenditure per capita (in PPS_EU27_2020=100),Gross domestic product,Estonia,2013,76,,
ESTAT:TEC00114(1.0),27/03/25 11:00:00,Annual,Volume indices of real expenditure per capita (in PPS_EU27_2020=100),Gross domestic product,Estonia,2014,78,,
ESTAT:TEC00114(1.0),27/03/25 11:00:00,Annual,Volume indices of real expenditure per capita (in PPS_EU27_2020=100),Gross domestic product,Estonia,2015,77,,
ESTAT:TEC00114(1.0),27/03/25 11:00:00,Annual,Volume indices of real expenditure per capita (in PPS_EU27_2020=100),Gross domestic product,Estonia,2016,78,,
ESTAT:TEC00114(1.0),27/03/25 11:00:00,Annual,Volume indices of real expenditure per capita (in PPS_EU27_2020=100),Gross domestic product,Estonia,2017,80,,
ESTAT:TEC00114(1.0),27/03/25 11:00:00,Annual,Volume indices of real expenditure per capita (in PPS_EU27_2020=100),Gross domestic product,Estonia,2018,82,,
ESTAT:TEC00114(1.0),27/03/25 11:00:00,Annual,Volume indices of real expenditure per capita (in PPS_EU27_2020=100),Gross domestic product,Estonia,2019,84,,
ESTAT:TEC00114(1.0),27/03/25 11:00:00,Annual,Volume indices of real expenditure per capita (in PPS_EU27_2020=100),Gross domestic product,Estonia,2020,85,,
ESTAT:TEC00114(1.0),27/03/25 11:00:00,Annual,Volume indices of real expenditure per capita (in PPS_EU27_2020=100),Gross domestic product,Estonia,2021,85,,
ESTAT:TEC00114(1.0),27/03/25 11:00:00,Annual,Volume indices of real expenditure per capita (in PPS_EU27_2020=100),Gross domestic product,Estonia,2022,84,,
ESTAT:TEC00114(1.0),27/03/25 11:00:00,Annual,Volume indices of real expenditure per capita (in PPS_EU27_2020=100),Gross domestic product,Estonia,2023,80,,
ESTAT:TEC00114(1.0),27/03/25 11:00:00,Annual,Volume indices of real expenditure per capita (in PPS_EU27_2020=100),Gross domestic product,Estonia,2024,79,p,
ESTAT:TEC00114(1.0),27/03/25 11:00:00,Annual,Volume indices of real expenditure per capita (in PPS_EU27_2020=100),Gross domestic product,Greece,2013,71,,
ESTAT:TEC00114(1.0),27/03/25 11:00:00,Annual,Volume indices of real expenditure per capita (in PPS_EU27_2020=100),Gross domestic product,Greece,2014,71,,
ESTAT:TEC00114(1.0),27/03/25 11:00:00,Annual,Volume indices of real expenditure per capita (in PPS_EU27_2020=100),Gross domestic product,Greece,2015,69,,
ESTAT:TEC00114(1.0),27/03/25 11:00:00,Annual,Volume indices of real expenditure per capita (in PPS_EU27_2020=100),Gross domestic product,Greece,2016,67,,
ESTAT:TEC00114(1.0),27/03/25 11:00:00,Annual,Volume indices of real expenditure per capita (in PPS_EU27_2020=100),Gross domestic product,Greece,2017,67,,
ESTAT:TEC00114(1.0),27/03/25 11:00:00,Annual,Volume indices of real expenditure per capita (in PPS_EU27_2020=100),Gross domestic product,Greece,2018,66,,
ESTAT:TEC00114(1.0),27/03/25 11:00:00,Annual,Volume indices of real expenditure per capita (in PPS_EU27_2020=100),Gross domestic product,Greece,2019,66,,
ESTAT:TEC00114(1.0),27/03/25 11:00:00,Annual,Volume indices of real expenditure per capita (in PPS_EU27_2020=100),Gross domestic product,Greece,2020,62,,
ESTAT:TEC00114(1.0),27/03/25 11:00:00,Annual,Volume indices of real expenditure per capita (in PPS_EU27_2020=100),Gross domestic product,Greece,2021,64,,
ESTAT:TEC00114(1.0),27/03/25 11:00:00,Annual,Volume indices of real expenditure per capita (in PPS_EU27_2020=100),Gross domestic product,Greece,2022,67,,
ESTAT:TEC00114(1.0),27/03/25 11:00:00,Annual,Volume indices of real expenditure per capita (in PPS_EU27_2020=100),Gross domestic product,Greece,2023,69,p,
ESTAT:TEC00114(1.0),27/03/25 11:00:00,Annual,Volume indices of real expenditure per capita (in PPS_EU27_2020=100),Gross domestic product,Greece,2024,70,p,
ESTAT:TEC00114(1.0),27/03/25 11:00:00,Annual,Volume indices of real expenditure per capita (in PPS_EU27_2020=100),Gross domestic product,Spain,2013,90,,
ESTAT:TEC00114(1.0),27/03/25 11:00:00,Annual,Volume indices of real expenditure per capita (in PPS_EU27_2020=100),Gross domestic product,Spain,2014,90,,
ESTAT:TEC00114(1.0),27/03/25 11:00:00,Annual,Volume indices of real expenditure per capita (in PPS_EU27_2020=100),Gross domestic product,Spain,2015,91,,
ESTAT:TEC00114(1.0),27/03/25 11:00:00,Annual,Volume indices of real expenditure per capita (in PPS_EU27_2020=100),Gross domestic product,Spain,2016,92,,
ESTAT:TEC00114(1.0),27/03/25 11:00:00,Annual,Volume indices of real expenditure per capita (in PPS_EU27_2020=100),Gross domestic product,Spain,2017,93,,
ESTAT:TEC00114(1.0),27/03/25 11:00:00,Annual,Volume indices of real expenditure per capita (in PPS_EU27_2020=100),Gross domestic product,Spain,2018,91,,
ESTAT:TEC00114(1.0),27/03/25 11:00:00,Annual,Volume indices of real expenditure per capita (in PPS_EU27_2020=100),Gross domestic product,Spain,2019,91,,
ESTAT:TEC00114(1.0),27/03/25 11:00:00,Annual,Volume indices of real expenditure per capita (in PPS_EU27_2020=100),Gross domestic product,Spain,2020,83,,
ESTAT:TEC00114(1.0),27/03/25 11:00:00,Annual,Volume indices of real expenditure per capita (in PPS_EU27_2020=100),Gross domestic product,Spain,2021,85,,
ESTAT:TEC00114(1.0),27/03/25 11:00:00,Annual,Volume indices of real expenditure per capita (in PPS_EU27_2020=100),Gross domestic product,Spain,2022,88,,
ESTAT:TEC00114(1.0),27/03/25 11:00:00,Annual,Volume indices of real expenditure per capita (in PPS_EU27_2020=100),Gross domestic product,Spain,2023,91,p,
ESTAT:TEC00114(1.0),27/03/25 11:00:00,Annual,Volume indices of real expenditure per capita (in PPS_EU27_2020=100),Gross domestic product,Spain,2024,92,p,
ESTAT:TEC00114(1.0),27/03/25 11:00:00,Annual,Volume indices of real expenditure per capita (in PPS_EU27_2020=100),Gross domestic product,European Union - 27 countries (from 2020),2013,100,,
ESTAT:TEC00114(1.0),27/03/25 11:00:00,Annual,Volume indices of real expenditure per capita (in PPS_EU27_2020=100),Gross domestic product,European Union - 27 countries (from 2020),2014,100,,
ESTAT:TEC00114(1.0),27/03/25 11:00:00,Annual,Volume indices of real expenditure per capita (in PPS_EU27_2020=100),Gross domestic product,European Union - 27 countries (from 2020),2015,100,,
ESTAT:TEC00114(1.0),27/03/25 11:00:00,Annual,Volume indices of real expenditure per capita (in PPS_EU27_2020=100),Gross domestic product,European Union - 27 countries (from 2020),2016,100,,
ESTAT:TEC00114(1.0),27/03/25 11:00:00,Annual,Volume indices of real expenditure per capita (in PPS_EU27_2020=100),Gross domestic product,European Union - 27 countries (from 2020),2017,100,,
ESTAT:TEC00114(1.0),27/03/25 11:00:00,Annual,Volume indices of real expenditure per capita (in PPS_EU27_2020=100),Gross domestic product,European Union - 27 countries (from 2020),2018,100,,
ESTAT:TEC00114(1.0),27/03/25 11:00:00,Annual,Volume indices of real expenditure per capita (in PPS_EU27_2020=100),Gross domestic product,European Union - 27 countries (from 2020),2019,100,,
ESTAT:TEC00114(1.0),27/03/25 11:00:00,Annual,Volume indices of real expenditure per capita (in PPS_EU27_2020=100),Gross domestic product,European Union - 27 countries (from 2020),2020,100,,
ESTAT:TEC00114(1.0),27/03/25 11:00:00,Annual,Volume indices of real expenditure per capita (in PPS_EU27_2020=100),Gross domestic product,European Union - 27 countries (from 2020),2021,100,,
ESTAT:TEC00114(1.0),27/03/25 11:00:00,Annual,Volume indices of real expenditure per capita (in PPS_EU27_2020=100),Gross domestic product,European Union - 27 countries (from 2020),2022,100,,
ESTAT:TEC00114(1.0),27/03/25 11:00:00,Annual,Volume indices of real expenditure per capita (in PPS_EU27_2020=100),Gross domestic product,European Union - 27 countries (from 2020),2023,100,,
ESTAT:TEC00114(1.0),27/03/25 11:00:00,Annual,Volume indices of real expenditure per capita (in PPS_EU27_2020=100),Gross domestic product,European Union - 27 countries (from 2020),2024,100,p,
ESTAT:TEC00114(1.0),27/03/25 11:00:00,Annual,Volume indices of real expenditure per capita (in PPS_EU27_2020=100),Gross domestic product,Finland,2013,114,,
ESTAT:TEC00114(1.0),27/03/25 11:00:00,Annual,Volume indices of real expenditure per capita (in PPS_EU27_2020=100),Gross domestic product,Finland,2014,111,,
ESTAT:TEC00114(1.0),27/03/25 11:00:00,Annual,Volume indices of real expenditure per capita (in PPS_EU27_2020=100),Gross domestic product,Finland,2015,109,,
ESTAT:TEC00114(1.0),27/03/25 11:00:00,Annual,Volume indices of real expenditure per capita (in PPS_EU27_2020=100),Gross domestic product,Finland,2016,109,,
ESTAT:TEC00114(1.0),27/03/25 11:00:00,Annual,Volume indices of real expenditure per capita (in PPS_EU27_2020=100),Gross domestic product,Finland,2017,110,,
ESTAT:TEC00114(1.0),27/03/25 11:00:00,Annual,Volume indices of real expenditure per capita (in PPS_EU27_2020=100),Gross domestic product,Finland,2018,109,,
ESTAT:TEC00114(1.0),27/03/25 11:00:00,Annual,Volume indices of real expenditure per capita (in PPS_EU27_2020=100),Gross domestic product,Finland,2019,107,,
ESTAT:TEC00114(1.0),27/03/25 11:00:00,Annual,Volume indices of real expenditure per capita (in PPS_EU27_2020=100),Gross domestic product,Finland,2020,112,,
ESTAT:TEC00114(1.0),27/03/25 11:00:00,Annual,Volume indices of real expenditure per capita (in PPS_EU27_2020=100),Gross domestic product,Finland,2021,109,,
ESTAT:TEC00114(1.0),27/03/25 11:00:00,Annual,Volume indices of real expenditure per capita (in PPS_EU27_2020=100),Gross domestic product,Finland,2022,107,,
ESTAT:TEC00114(1.0),27/03/25 11:00:00,Annual,Volume indices of real expenditure per capita (in PPS_EU27_2020=100),Gross domestic product,Finland,2023,105,,
ESTAT:TEC00114(1.0),27/03/25 11:00:00,Annual,Volume indices of real expenditure per capita (in PPS_EU27_2020=100),Gross domestic product,Finland,2024,103,p,
ESTAT:TEC00114(1.0),27/03/25 11:00:00,Annual,Volume indices of real expenditure per capita (in PPS_EU27_2020=100),Gross domestic product,France,2013,109,,
ESTAT:TEC00114(1.0),27/03/25 11:00:00,Annual,Volume indices of real expenditure per capita (in PPS_EU27_2020=100),Gross domestic product,France,2014,108,,
ESTAT:TEC00114(1.0),27/03/25 11:00:00,Annual,Volume indices of real expenditure per capita (in PPS_EU27_2020=100),Gross domestic product,France,2015,106,,
ESTAT:TEC00114(1.0),27/03/25 11:00:00,Annual,Volume indices of real expenditure per capita (in PPS_EU27_2020=100),Gross domestic product,France,2016,105,,
ESTAT:TEC00114(1.0),27/03/25 11:00:00,Annual,Volume indices of real expenditure per capita (in PPS_EU27_2020=100),Gross domestic product,France,2017,103,,
ESTAT:TEC00114(1.0),27/03/25 11:00:00,Annual,Volume indices of real expenditure per capita (in PPS_EU27_2020=100),Gross domestic product,France,2018,103,,
ESTAT:TEC00114(1.0),27/03/25 11:00:00,Annual,Volume indices of real expenditure per capita (in PPS_EU27_2020=100),Gross domestic product,France,2019,105,,
ESTAT:TEC00114(1.0),27/03/25 11:00:00,Annual,Volume indices of real expenditure per capita (in PPS_EU27_2020=100),Gross domestic product,France,2020,104,,
ESTAT:TEC00114(1.0),27/03/25 11:00:00,Annual,Volume indices of real expenditure per capita (in PPS_EU27_2020=100),Gross domestic product,France,2021,101,,
ESTAT:TEC00114(1.0),27/03/25 11:00:00,Annual,Volume indices of real expenditure per capita (in PPS_EU27_2020=100),Gross domestic product,France,2022,98,,
ESTAT:TEC00114(1.0),27/03/25 11:00:00,Annual,Volume indices of real expenditure per capita (in PPS_EU27_2020=100),Gross domestic product,France,2023,99,p,
ESTAT:TEC00114(1.0),27/03/25 11:00:00,Annual,Volume indices of real expenditure per capita (in PPS_EU27_2020=100),Gross domestic product,France,2024,99,p,
ESTAT:TEC00114(1.0),27/03/25 11:00:00,Annual,Volume indices of real expenditure per capita (in PPS_EU27_2020=100),Gross domestic product,Croatia,2013,61,,
ESTAT:TEC00114(1.0),27/03/25 11:00:00,Annual,Volume indices of real expenditure per capita (in PPS_EU27_2020=100),Gross domestic product,Croatia,2014,60,,
ESTAT:TEC00114(1.0),27/03/25 11:00:00,Annual,Volume indices of real expenditure per capita (in PPS_EU27_2020=100),Gross domestic product,Croatia,2015,61,,
ESTAT:TEC00114(1.0),27/03/25 11:00:00,Annual,Volume indices of real expenditure per capita (in PPS_EU27_2020=100),Gross domestic product,Croatia,2016,62,,
ESTAT:TEC00114(1.0),27/03/25 11:00:00,Annual,Volume indices of real expenditure per capita (in PPS_EU27_2020=100),Gross domestic product,Croatia,2017,63,,
ESTAT:TEC00114(1.0),27/03/25 11:00:00,Annual,Volume indices of real expenditure per capita (in PPS_EU27_2020=100),Gross domestic product,Croatia,2018,64,,
ESTAT:TEC00114(1.0),27/03/25 11:00:00,Annual,Volume indices of real expenditure per capita (in PPS_EU27_2020=100),Gross domestic product,Croatia,2019,67,,
ESTAT:TEC00114(1.0),27/03/25 11:00:00,Annual,Volume indices of real expenditure per capita (in PPS_EU27_2020=100),Gross domestic product,Croatia,2020,66,,
ESTAT:TEC00114(1.0),27/03/25 11:00:00,Annual,Volume indices of real expenditure per capita (in PPS_EU27_2020=100),Gross domestic product,Croatia,2021,70,,
ESTAT:TEC00114(1.0),27/03/25 11:00:00,Annual,Volume indices of real expenditure per capita (in PPS_EU27_2020=100),Gross domestic product,Croatia,2022,72,,
ESTAT:TEC00114(1.0),27/03/25 11:00:00,Annual,Volume indices of real expenditure per capita (in PPS_EU27_2020=100),Gross domestic product,Croatia,2023,76,p,
ESTAT:TEC00114(1.0),27/03/25 11:00:00,Annual,Volume indices of real expenditure per capita (in PPS_EU27_2020=100),Gross domestic product,Croatia,2024,77,p,
ESTAT:TEC00114(1.0),27/03/25 11:00:00,Annual,Volume indices of real expenditure per capita (in PPS_EU27_2020=100),Gross domestic product,Hungary,2013,68,,
ESTAT:TEC00114(1.0),27/03/25 11:00:00,Annual,Volume indices of real expenditure per capita (in PPS_EU27_2020=100),Gross domestic product,Hungary,2014,69,,
ESTAT:TEC00114(1.0),27/03/25 11:00:00,Annual,Volume indices of real expenditure per capita (in PPS_EU27_2020=100),Gross domestic product,Hungary,2015,70,,
ESTAT:TEC00114(1.0),27/03/25 11:00:00,Annual,Volume indices of real expenditure per capita (in PPS_EU27_2020=100),Gross domestic product,Hungary,2016,69,,
ESTAT:TEC00114(1.0),27/03/25 11:00:00,Annual,Volume indices of real expenditure per capita (in PPS_EU27_2020=100),Gross domestic product,Hungary,2017,69,,
ESTAT:TEC00114(1.0),27/03/25 11:00:00,Annual,Volume indices of real expenditure per capita (in PPS_EU27_2020=100),Gross domestic product,Hungary,2018,72,,
ESTAT:TEC00114(1.0),27/03/25 11:00:00,Annual,Volume indices of real expenditure per capita (in PPS_EU27_2020=100),Gross domestic product,Hungary,2019,73,,
ESTAT:TEC00114(1.0),27/03/25 11:00:00,Annual,Volume indices of real expenditure per capita (in PPS_EU27_2020=100),Gross domestic product,Hungary,2020,75,,
ESTAT:TEC00114(1.0),27/03/25 11:00:00,Annual,Volume indices of real expenditure per capita (in PPS_EU27_2020=100),Gross domestic product,Hungary,2021,75,,
ESTAT:TEC00114(1.0),27/03/25 11:00:00,Annual,Volume indices of real expenditure per capita (in PPS_EU27_2020=100),Gross domestic product,Hungary,2022,77,,
ESTAT:TEC00114(1.0),27/03/25 11:00:00,Annual,Volume indices of real expenditure per capita (in PPS_EU27_2020=100),Gross domestic product,Hungary,2023,77,p,
ESTAT:TEC00114(1.0),27/03/25 11:00:00,Annual,Volume indices of real expenditure per capita (in PPS_EU27_2020=100),Gross domestic product,Hungary,2024,77,p,
ESTAT:TEC00114(1.0),27/03/25 11:00:00,Annual,Volume indices of real expenditure per capita (in PPS_EU27_2020=100),Gross domestic product,Ireland,2013,134,,
ESTAT:TEC00114(1.0),27/03/25 11:00:00,Annual,Volume indices of real expenditure per capita (in PPS_EU27_2020=100),Gross domestic product,Ireland,2014,141,,
ESTAT:TEC00114(1.0),27/03/25 11:00:00,Annual,Volume indices of real expenditure per capita (in PPS_EU27_2020=100),Gross domestic product,Ireland,2015,186,,
ESTAT:TEC00114(1.0),27/03/25 11:00:00,Annual,Volume indices of real expenditure per capita (in PPS_EU27_2020=100),Gross domestic product,Ireland,2016,179,,
ESTAT:TEC00114(1.0),27/03/25 11:00:00,Annual,Volume indices of real expenditure per capita (in PPS_EU27_2020=100),Gross domestic product,Ireland,2017,187,,
ESTAT:TEC00114(1.0),27/03/25 11:00:00,Annual,Volume indices of real expenditure per capita (in PPS_EU27_2020=100),Gross domestic product,Ireland,2018,192,,
ESTAT:TEC00114(1.0),27/03/25 11:00:00,Annual,Volume indices of real expenditure per capita (in PPS_EU27_2020=100),Gross domestic product,Ireland,2019,190,,
ESTAT:TEC00114(1.0),27/03/25 11:00:00,Annual,Volume indices of real expenditure per capita (in PPS_EU27_2020=100),Gross domestic product,Ireland,2020,205,,
ESTAT:TEC00114(1.0),27/03/25 11:00:00,Annual,Volume indices of real expenditure per capita (in PPS_EU27_2020=100),Gross domestic product,Ireland,2021,226,,
ESTAT:TEC00114(1.0),27/03/25 11:00:00,Annual,Volume indices of real expenditure per capita (in PPS_EU27_2020=100),Gross domestic product,Ireland,2022,238,,
ESTAT:TEC00114(1.0),27/03/25 11:00:00,Annual,Volume indices of real expenditure per capita (in PPS_EU27_2020=100),Gross domestic product,Ireland,2023,213,,
ESTAT:TEC00114(1.0),27/03/25 11:00:00,Annual,Volume indices of real expenditure per capita (in PPS_EU27_2020=100),Gross domestic product,Ireland,2024,211,p,
ESTAT:TEC00114(1.0),27/03/25 11:00:00,Annual,Volume indices of real expenditure per capita (in PPS_EU27_2020=100),Gross domestic product,Iceland,2013,124,,
ESTAT:TEC00114(1.0),27/03/25 11:00:00,Annual,Volume indices of real expenditure per capita (in PPS_EU27_2020=100),Gross domestic product,Iceland,2014,125,,
ESTAT:TEC00114(1.0),27/03/25 11:00:00,Annual,Volume indices of real expenditure per capita (in PPS_EU27_2020=100),Gross domestic product,Iceland,2015,130,,
ESTAT:TEC00114(1.0),27/03/25 11:00:00,Annual,Volume indices of real expenditure per capita (in PPS_EU27_2020=100),Gross domestic product,Iceland,2016,133,,
ESTAT:TEC00114(1.0),27/03/25 11:00:00,Annual,Volume indices of real expenditure per capita (in PPS_EU27_2020=100),Gross domestic product,Iceland,2017,131,,
ESTAT:TEC00114(1.0),27/03/25 11:00:00,Annual,Volume indices of real expenditure per capita (in PPS_EU27_2020=100),Gross domestic product,Iceland,2018,129,,
ESTAT:TEC00114(1.0),27/03/25 11:00:00,Annual,Volume indices of real expenditure per capita (in PPS_EU27_2020=100),Gross domestic product,Iceland,2019,128,,
ESTAT:TEC00114(1.0),27/03/25 11:00:00,Annual,Volume indices of real expenditure per capita (in PPS_EU27_2020=100),Gross domestic product,Iceland,2020,120,,
ESTAT:TEC00114(1.0),27/03/25 11:00:00,Annual,Volume indices of real expenditure per capita (in PPS_EU27_2020=100),Gross domestic product,Iceland,2021,122,,
ESTAT:TEC00114(1.0),27/03/25 11:00:00,Annual,Volume indices of real expenditure per capita (in PPS_EU27_2020=100),Gross domestic product,Iceland,2022,132,,
ESTAT:TEC00114(1.0),27/03/25 11:00:00,Annual,Volume indices of real expenditure per capita (in PPS_EU27_2020=100),Gross domestic product,Iceland,2023,135,,
ESTAT:TEC00114(1.0),27/03/25 11:00:00,Annual,Volume indices of real expenditure per capita (in PPS_EU27_2020=100),Gross domestic product,Italy,2013,100,,
ESTAT:TEC00114(1.0),27/03/25 11:00:00,Annual,Volume indices of real expenditure per capita (in PPS_EU27_2020=100),Gross domestic product,Italy,2014,98,,
ESTAT:TEC00114(1.0),27/03/25 11:00:00,Annual,Volume indices of real expenditure per capita (in PPS_EU27_2020=100),Gross domestic product,Italy,2015,97,,
ESTAT:TEC00114(1.0),27/03/25 11:00:00,Annual,Volume indices of real expenditure per capita (in PPS_EU27_2020=100),Gross domestic product,Italy,2016,99,,
ESTAT:TEC00114(1.0),27/03/25 11:00:00,Annual,Volume indices of real expenditure per capita (in PPS_EU27_2020=100),Gross domestic product,Italy,2017,98,,
ESTAT:TEC00114(1.0),27/03/25 11:00:00,Annual,Volume indices of real expenditure per capita (in PPS_EU27_2020=100),Gross domestic product,Italy,2018,97,,
ESTAT:TEC00114(1.0),27/03/25 11:00:00,Annual,Volume indices of real expenditure per capita (in PPS_EU27_2020=100),Gross domestic product,Italy,2019,96,,
ESTAT:TEC00114(1.0),27/03/25 11:00:00,Annual,Volume indices of real expenditure per capita (in PPS_EU27_2020=100),Gross domestic product,Italy,2020,93,,
ESTAT:TEC00114(1.0),27/03/25 11:00:00,Annual,Volume indices of real expenditure per capita (in PPS_EU27_2020=100),Gross domestic product,Italy,2021,96,,
ESTAT:TEC00114(1.0),27/03/25 11:00:00,Annual,Volume indices of real expenditure per capita (in PPS_EU27_2020=100),Gross domestic product,Italy,2022,98,,
ESTAT:TEC00114(1.0),27/03/25 11:00:00,Annual,Volume indices of real expenditure per capita (in PPS_EU27_2020=100),Gross domestic product,Italy,2023,98,,
ESTAT:TEC00114(1.0),27/03/25 11:00:00,Annual,Volume indices of real expenditure per capita (in PPS_EU27_2020=100),Gross domestic product,Italy,2024,98,p,
ESTAT:TEC00114(1.0),27/03/25 11:00:00,Annual,Volume indices of real expenditure per capita (in PPS_EU27_2020=100),Gross domestic product,Japan,2013,108,,
ESTAT:TEC00114(1.0),27/03/25 11:00:00,Annual,Volume indices of real expenditure per capita (in PPS_EU27_2020=100),Gross domestic product,Japan,2014,106,,
ESTAT:TEC00114(1.0),27/03/25 11:00:00,Annual,Volume indices of real expenditure per capita (in PPS_EU27_2020=100),Gross domestic product,Japan,2015,106,,
ESTAT:TEC00114(1.0),27/03/25 11:00:00,Annual,Volume indices of real expenditure per capita (in PPS_EU27_2020=100),Gross domestic product,Japan,2016,99,,
ESTAT:TEC00114(1.0),27/03/25 11:00:00,Annual,Volume indices of real expenditure per capita (in PPS_EU27_2020=100),Gross domestic product,Japan,2017,96,,
ESTAT:TEC00114(1.0),27/03/25 11:00:00,Annual,Volume indices of real expenditure per capita (in PPS_EU27_2020=100),Gross domestic product,Japan,2018,94,,
ESTAT:TEC00114(1.0),27/03/25 11:00:00,Annual,Volume indices of real expenditure per capita (in PPS_EU27_2020=100),Gross domestic product,Japan,2019,88,,
ESTAT:TEC00114(1.0),27/03/25 11:00:00,Annual,Volume indices of real expenditure per capita (in PPS_EU27_2020=100),Gross domestic product,Japan,2020,89,,
ESTAT:TEC00114(1.0),27/03/25 11:00:00,Annual,Volume indices of real expenditure per capita (in PPS_EU27_2020=100),Gross domestic product,Japan,2021,85,,
ESTAT:TEC00114(1.0),27/03/25 11:00:00,Annual,Volume indices of real expenditure per capita (in PPS_EU27_2020=100),Gross domestic product,Japan,2022,83,,
ESTAT:TEC00114(1.0),27/03/25 11:00:00,Annual,Volume indices of real expenditure per capita (in PPS_EU27_2020=100),Gross domestic product,Japan,2023,85,,
ESTAT:TEC00114(1.0),27/03/25 11:00:00,Annual,Volume indices of real expenditure per capita (in PPS_EU27_2020=100),Gross domestic product,Lithuania,2013,73,,
ESTAT:TEC00114(1.0),27/03/25 11:00:00,Annual,Volume indices of real expenditure per capita (in PPS_EU27_2020=100),Gross domestic product,Lithuania,2014,75,,
ESTAT:TEC00114(1.0),27/03/25 11:00:00,Annual,Volume indices of real expenditure per capita (in PPS_EU27_2020=100),Gross domestic product,Lithuania,2015,75,,
ESTAT:TEC00114(1.0),27/03/25 11:00:00,Annual,Volume indices of real expenditure per capita (in PPS_EU27_2020=100),Gross domestic product,Lithuania,2016,75,,
ESTAT:TEC00114(1.0),27/03/25 11:00:00,Annual,Volume indices of real expenditure per capita (in PPS_EU27_2020=100),Gross domestic product,Lithuania,2017,78,,
ESTAT:TEC00114(1.0),27/03/25 11:00:00,Annual,Volume indices of real expenditure per capita (in PPS_EU27_2020=100),Gross domestic product,Lithuania,2018,81,,
ESTAT:TEC00114(1.0),27/03/25 11:00:00,Annual,Volume indices of real expenditure per capita (in PPS_EU27_2020=100),Gross domestic product,Lithuania,2019,83,,
ESTAT:TEC00114(1.0),27/03/25 11:00:00,Annual,Volume indices of real expenditure per capita (in PPS_EU27_2020=100),Gross domestic product,Lithuania,2020,87,,
ESTAT:TEC00114(1.0),27/03/25 11:00:00,Annual,Volume indices of real expenditure per capita (in PPS_EU27_2020=100),Gross domestic product,Lithuania,2021,88,,
ESTAT:TEC00114(1.0),27/03/25 11:00:00,Annual,Volume indices of real expenditure per capita (in PPS_EU27_2020=100),Gross domestic product,Lithuania,2022,88,,
ESTAT:TEC00114(1.0),27/03/25 11:00:00,Annual,Volume indices of real expenditure per capita (in PPS_EU27_2020=100),Gross domestic product,Lithuania,2023,87,,
ESTAT:TEC00114(1.0),27/03/25 11:00:00,Annual,Volume indices of real expenditure per capita (in PPS_EU27_2020=100),Gross domestic product,Lithuania,2024,87,p,
ESTAT:TEC00114(1.0),27/03/25 11:00:00,Annual,Volume indices of real expenditure per capita (in PPS_EU27_2020=100),Gross domestic product,Luxembourg,2013,277,,
ESTAT:TEC00114(1.0),27/03/25 11:00:00,Annual,Volume indices of real expenditure per capita (in PPS_EU27_2020=100),Gross domestic product,Luxembourg,2014,280,,
ESTAT:TEC00114(1.0),27/03/25 11:00:00,Annual,Volume indices of real expenditure per capita (in PPS_EU27_2020=100),Gross domestic product,Luxembourg,2015,279,,
ESTAT:TEC00114(1.0),27/03/25 11:00:00,Annual,Volume indices of real expenditure per capita (in PPS_EU27_2020=100),Gross domestic product,Luxembourg,2016,276,,
ESTAT:TEC00114(1.0),27/03/25 11:00:00,Annual,Volume indices of real expenditure per capita (in PPS_EU27_2020=100),Gross domestic product,Luxembourg,2017,267,,
ESTAT:TEC00114(1.0),27/03/25 11:00:00,Annual,Volume indices of real expenditure per capita (in PPS_EU27_2020=100),Gross domestic product,Luxembourg,2018,258,,
ESTAT:TEC00114(1.0),27/03/25 11:00:00,Annual,Volume indices of real expenditure per capita (in PPS_EU27_2020=100),Gross domestic product,Luxembourg,2019,249,,
ESTAT:TEC00114(1.0),27/03/25 11:00:00,Annual,Volume indices of real expenditure per capita (in PPS_EU27_2020=100),Gross domestic product,Luxembourg,2020,256,,
ESTAT:TEC00114(1.0),27/03/25 11:00:00,Annual,Volume indices of real expenditure per capita (in PPS_EU27_2020=100),Gross domestic product,Luxembourg,2021,260,,
ESTAT:TEC00114(1.0),27/03/25 11:00:00,Annual,Volume indices of real expenditure per capita (in PPS_EU27_2020=100),Gross domestic product,Luxembourg,2022,252,,
ESTAT:TEC00114(1.0),27/03/25 11:00:00,Annual,Volume indices of real expenditure per capita (in PPS_EU27_2020=100),Gross domestic product,Luxembourg,2023,237,,
ESTAT:TEC00114(1.0),27/03/25 11:00:00,Annual,Volume indices of real expenditure per capita (in PPS_EU27_2020=100),Gross domestic product,Luxembourg,2024,241,p,
ESTAT:TEC00114(1.0),27/03/25 11:00:00,Annual,Volume indices of real expenditure per capita (in PPS_EU27_2020=100),Gross domestic product,Latvia,2013,60,,
ESTAT:TEC00114(1.0),27/03/25 11:00:00,Annual,Volume indices of real expenditure per capita (in PPS_EU27_2020=100),Gross domestic product,Latvia,2014,61,,
ESTAT:TEC00114(1.0),27/03/25 11:00:00,Annual,Volume indices of real expenditure per capita (in PPS_EU27_2020=100),Gross domestic product,Latvia,2015,62,,
ESTAT:TEC00114(1.0),27/03/25 11:00:00,Annual,Volume indices of real expenditure per capita (in PPS_EU27_2020=100),Gross domestic product,Latvia,2016,63,,
ESTAT:TEC00114(1.0),27/03/25 11:00:00,Annual,Volume indices of real expenditure per capita (in PPS_EU27_2020=100),Gross domestic product,Latvia,2017,64,,
ESTAT:TEC00114(1.0),27/03/25 11:00:00,Annual,Volume indices of real expenditure per capita (in PPS_EU27_2020=100),Gross domestic product,Latvia,2018,66,,
ESTAT:TEC00114(1.0),27/03/25 11:00:00,Annual,Volume indices of real expenditure per capita (in PPS_EU27_2020=100),Gross domestic product,Latvia,2019,66,,
ESTAT:TEC00114(1.0),27/03/25 11:00:00,Annual,Volume indices of real expenditure per capita (in PPS_EU27_2020=100),Gross domestic product,Latvia,2020,69,,
ESTAT:TEC00114(1.0),27/03/25 11:00:00,Annual,Volume indices of real expenditure per capita (in PPS_EU27_2020=100),Gross domestic product,Latvia,2021,71,,
ESTAT:TEC00114(1.0),27/03/25 11:00:00,Annual,Volume indices of real expenditure per capita (in PPS_EU27_2020=100),Gross domestic product,Latvia,2022,69,,
ESTAT:TEC00114(1.0),27/03/25 11:00:00,Annual,Volume indices of real expenditure per capita (in PPS_EU27_2020=100),Gross domestic product,Latvia,2023,70,,
ESTAT:TEC00114(1.0),27/03/25 11:00:00,Annual,Volume indices of real expenditure per capita (in PPS_EU27_2020=100),Gross domestic product,Latvia,2024,71,p,
ESTAT:TEC00114(1.0),27/03/25 11:00:00,Annual,Volume indices of real expenditure per capita (in PPS_EU27_2020=100),Gross domestic product,Montenegro,2013,41,,
ESTAT:TEC00114(1.0),27/03/25 11:00:00,Annual,Volume indices of real expenditure per capita (in PPS_EU27_2020=100),Gross domestic product,Montenegro,2014,41,,
ESTAT:TEC00114(1.0),27/03/25 11:00:00,Annual,Volume indices of real expenditure per capita (in PPS_EU27_2020=100),Gross domestic product,Montenegro,2015,42,,
ESTAT:TEC00114(1.0),27/03/25 11:00:00,Annual,Volume indices of real expenditure per capita (in PPS_EU27_2020=100),Gross domestic product,Montenegro,2016,44,,
ESTAT:TEC00114(1.0),27/03/25 11:00:00,Annual,Volume indices of real expenditure per capita (in PPS_EU27_2020=100),Gross domestic product,Montenegro,2017,46,,
ESTAT:TEC00114(1.0),27/03/25 11:00:00,Annual,Volume indices of real expenditure per capita (in PPS_EU27_2020=100),Gross domestic product,Montenegro,2018,48,,
ESTAT:TEC00114(1.0),27/03/25 11:00:00,Annual,Volume indices of real expenditure per capita (in PPS_EU27_2020=100),Gross domestic product,Montenegro,2019,50,,
ESTAT:TEC00114(1.0),27/03/25 11:00:00,Annual,Volume indices of real expenditure per capita (in PPS_EU27_2020=100),Gross domestic product,Montenegro,2020,44,,
ESTAT:TEC00114(1.0),27/03/25 11:00:00,Annual,Volume indices of real expenditure per capita (in PPS_EU27_2020=100),Gross domestic product,Montenegro,2021,46,,
ESTAT:TEC00114(1.0),27/03/25 11:00:00,Annual,Volume indices of real expenditure per capita (in PPS_EU27_2020=100),Gross domestic product,Montenegro,2022,49,,
ESTAT:TEC00114(1.0),27/03/25 11:00:00,Annual,Volume indices of real expenditure per capita (in PPS_EU27_2020=100),Gross domestic product,Montenegro,2023,51,,
ESTAT:TEC00114(1.0),27/03/25 11:00:00,Annual,Volume indices of real expenditure per capita (in PPS_EU27_2020=100),Gross domestic product,North Macedonia,2013,38,,
ESTAT:TEC00114(1.0),27/03/25 11:00:00,Annual,Volume indices of real expenditure per capita (in PPS_EU27_2020=100),Gross domestic product,North Macedonia,2014,39,,
ESTAT:TEC00114(1.0),27/03/25 11:00:00,Annual,Volume indices of real expenditure per capita (in PPS_EU27_2020=100),Gross domestic product,North Macedonia,2015,39,,
ESTAT:TEC00114(1.0),27/03/25 11:00:00,Annual,Volume indices of real expenditure per capita (in PPS_EU27_2020=100),Gross domestic product,North Macedonia,2016,40,,
ESTAT:TEC00114(1.0),27/03/25 11:00:00,Annual,Volume indices of real expenditure per capita (in PPS_EU27_2020=100),Gross domestic product,North Macedonia,2017,40,,
ESTAT:TEC00114(1.0),27/03/25 11:00:00,Annual,Volume indices of real expenditure per capita (in PPS_EU27_2020=100),Gross domestic product,North Macedonia,2018,41,,
ESTAT:TEC00114(1.0),27/03/25 11:00:00,Annual,Volume indices of real expenditure per capita (in PPS_EU27_2020=100),Gross domestic product,North Macedonia,2019,42,,
ESTAT:TEC00114(1.0),27/03/25 11:00:00,Annual,Volume indices of real expenditure per capita (in PPS_EU27_2020=100),Gross domestic product,North Macedonia,2020,42,,
ESTAT:TEC00114(1.0),27/03/25 11:00:00,Annual,Volume indices of real expenditure per capita (in PPS_EU27_2020=100),Gross domestic product,North Macedonia,2021,43,,
ESTAT:TEC00114(1.0),27/03/25 11:00:00,Annual,Volume indices of real expenditure per capita (in PPS_EU27_2020=100),Gross domestic product,North Macedonia,2022,42,,
ESTAT:TEC00114(1.0),27/03/25 11:00:00,Annual,Volume indices of real expenditure per capita (in PPS_EU27_2020=100),Gross domestic product,North Macedonia,2023,41,p,
ESTAT:TEC00114(1.0),27/03/25 11:00:00,Annual,Volume indices of real expenditure per capita (in PPS_EU27_2020=100),Gross domestic product,Malta,2013,91,,
ESTAT:TEC00114(1.0),27/03/25 11:00:00,Annual,Volume indices of real expenditure per capita (in PPS_EU27_2020=100),Gross domestic product,Malta,2014,94,,
ESTAT:TEC00114(1.0),27/03/25 11:00:00,Annual,Volume indices of real expenditure per capita (in PPS_EU27_2020=100),Gross domestic product,Malta,2015,99,,
ESTAT:TEC00114(1.0),27/03/25 11:00:00,Annual,Volume indices of real expenditure per capita (in PPS_EU27_2020=100),Gross domestic product,Malta,2016,100,,
ESTAT:TEC00114(1.0),27/03/25 11:00:00,Annual,Volume indices of real expenditure per capita (in PPS_EU27_2020=100),Gross domestic product,Malta,2017,106,,
ESTAT:TEC00114(1.0),27/03/25 11:00:00,Annual,Volume indices of real expenditure per capita (in PPS_EU27_2020=100),Gross domestic product,Malta,2018,107,,
ESTAT:TEC00114(1.0),27/03/25 11:00:00,Annual,Volume indices of real expenditure per capita (in PPS_EU27_2020=100),Gross domestic product,Malta,2019,106,,
ESTAT:TEC00114(1.0),27/03/25 11:00:00,Annual,Volume indices of real expenditure per capita (in PPS_EU27_2020=100),Gross domestic product,Malta,2020,105,,
ESTAT:TEC00114(1.0),27/03/25 11:00:00,Annual,Volume indices of real expenditure per capita (in PPS_EU27_2020=100),Gross domestic product,Malta,2021,109,,
ESTAT:TEC00114(1.0),27/03/25 11:00:00,Annual,Volume indices of real expenditure per capita (in PPS_EU27_2020=100),Gross domestic product,Malta,2022,105,,
ESTAT:TEC00114(1.0),27/03/25 11:00:00,Annual,Volume indices of real expenditure per capita (in PPS_EU27_2020=100),Gross domestic product,Malta,2023,107,,
ESTAT:TEC00114(1.0),27/03/25 11:00:00,Annual,Volume indices of real expenditure per capita (in PPS_EU27_2020=100),Gross domestic product,Malta,2024,109,p,
ESTAT:TEC00114(1.0),27/03/25 11:00:00,Annual,Volume indices of real expenditure per capita (in PPS_EU27_2020=100),Gross domestic product,Netherlands,2013,136,,
ESTAT:TEC00114(1.0),27/03/25 11:00:00,Annual,Volume indices of real expenditure per capita (in PPS_EU27_2020=100),Gross domestic product,Netherlands,2014,133,,
ESTAT:TEC00114(1.0),27/03/25 11:00:00,Annual,Volume indices of real expenditure per capita (in PPS_EU27_2020=100),Gross domestic product,Netherlands,2015,132,,
ESTAT:TEC00114(1.0),27/03/25 11:00:00,Annual,Volume indices of real expenditure per capita (in PPS_EU27_2020=100),Gross domestic product,Netherlands,2016,130,,
ESTAT:TEC00114(1.0),27/03/25 11:00:00,Annual,Volume indices of real expenditure per capita (in PPS_EU27_2020=100),Gross domestic product,Netherlands,2017,130,,
ESTAT:TEC00114(1.0),27/03/25 11:00:00,Annual,Volume indices of real expenditure per capita (in PPS_EU27_2020=100),Gross domestic product,Netherlands,2018,130,,
ESTAT:TEC00114(1.0),27/03/25 11:00:00,Annual,Volume indices of real expenditure per capita (in PPS_EU27_2020=100),Gross domestic product,Netherlands,2019,128,,
ESTAT:TEC00114(1.0),27/03/25 11:00:00,Annual,Volume indices of real expenditure per capita (in PPS_EU27_2020=100),Gross domestic product,Netherlands,2020,131,,
ESTAT:TEC00114(1.0),27/03/25 11:00:00,Annual,Volume indices of real expenditure per capita (in PPS_EU27_2020=100),Gross domestic product,Netherlands,2021,132,,
ESTAT:TEC00114(1.0),27/03/25 11:00:00,Annual,Volume indices of real expenditure per capita (in PPS_EU27_2020=100),Gross domestic product,Netherlands,2022,134,,
ESTAT:TEC00114(1.0),27/03/25 11:00:00,Annual,Volume indices of real expenditure per capita (in PPS_EU27_2020=100),Gross domestic product,Netherlands,2023,133,,
ESTAT:TEC00114(1.0),27/03/25 11:00:00,Annual,Volume indices of real expenditure per capita (in PPS_EU27_2020=100),Gross domestic product,Netherlands,2024,135,p,
ESTAT:TEC00114(1.0),27/03/25 11:00:00,Annual,Volume indices of real expenditure per capita (in PPS_EU27_2020=100),Gross domestic product,Norway,2013,185,,
ESTAT:TEC00114(1.0),27/03/25 11:00:00,Annual,Volume indices of real expenditure per capita (in PPS_EU27_2020=100),Gross domestic product,Norway,2014,177,,
ESTAT:TEC00114(1.0),27/03/25 11:00:00,Annual,Volume indices of real expenditure per capita (in PPS_EU27_2020=100),Gross domestic product,Norway,2015,157,,
ESTAT:TEC00114(1.0),27/03/25 11:00:00,Annual,Volume indices of real expenditure per capita (in PPS_EU27_2020=100),Gross domestic product,Norway,2016,145,,
ESTAT:TEC00114(1.0),27/03/25 11:00:00,Annual,Volume indices of real expenditure per capita (in PPS_EU27_2020=100),Gross domestic product,Norway,2017,150,,
ESTAT:TEC00114(1.0),27/03/25 11:00:00,Annual,Volume indices of real expenditure per capita (in PPS_EU27_2020=100),Gross domestic product,Norway,2018,156,,
ESTAT:TEC00114(1.0),27/03/25 11:00:00,Annual,Volume indices of real expenditure per capita (in PPS_EU27_2020=100),Gross domestic product,Norway,2019,146,,
ESTAT:TEC00114(1.0),27/03/25 11:00:00,Annual,Volume indices of real expenditure per capita (in PPS_EU27_2020=100),Gross domestic product,Norway,2020,141,,
ESTAT:TEC00114(1.0),27/03/25 11:00:00,Annual,Volume indices of real expenditure per capita (in PPS_EU27_2020=100),Gross domestic product,Norway,2021,171,,
ESTAT:TEC00114(1.0),27/03/25 11:00:00,Annual,Volume indices of real expenditure per capita (in PPS_EU27_2020=100),Gross domestic product,Norway,2022,214,,
ESTAT:TEC00114(1.0),27/03/25 11:00:00,Annual,Volume indices of real expenditure per capita (in PPS_EU27_2020=100),Gross domestic product,Norway,2023,171,,
ESTAT:TEC00114(1.0),27/03/25 11:00:00,Annual,Volume indices of real expenditure per capita (in PPS_EU27_2020=100),Gross domestic product,Poland,2013,67,,
ESTAT:TEC00114(1.0),27/03/25 11:00:00,Annual,Volume indices of real expenditure per capita (in PPS_EU27_2020=100),Gross domestic product,Poland,2014,68,,
ESTAT:TEC00114(1.0),27/03/25 11:00:00,Annual,Volume indices of real expenditure per capita (in PPS_EU27_2020=100),Gross domestic product,Poland,2015,70,,
ESTAT:TEC00114(1.0),27/03/25 11:00:00,Annual,Volume indices of real expenditure per capita (in PPS_EU27_2020=100),Gross domestic product,Poland,2016,69,,
ESTAT:TEC00114(1.0),27/03/25 11:00:00,Annual,Volume indices of real expenditure per capita (in PPS_EU27_2020=100),Gross domestic product,Poland,2017,70,,
ESTAT:TEC00114(1.0),27/03/25 11:00:00,Annual,Volume indices of real expenditure per capita (in PPS_EU27_2020=100),Gross domestic product,Poland,2018,72,,
ESTAT:TEC00114(1.0),27/03/25 11:00:00,Annual,Volume indices of real expenditure per capita (in PPS_EU27_2020=100),Gross domestic product,Poland,2019,74,,
ESTAT:TEC00114(1.0),27/03/25 11:00:00,Annual,Volume indices of real expenditure per capita (in PPS_EU27_2020=100),Gross domestic product,Poland,2020,79,,
ESTAT:TEC00114(1.0),27/03/25 11:00:00,Annual,Volume indices of real expenditure per capita (in PPS_EU27_2020=100),Gross domestic product,Poland,2021,79,,
ESTAT:TEC00114(1.0),27/03/25 11:00:00,Annual,Volume indices of real expenditure per capita (in PPS_EU27_2020=100),Gross domestic product,Poland,2022,78,,
ESTAT:TEC00114(1.0),27/03/25 11:00:00,Annual,Volume indices of real expenditure per capita (in PPS_EU27_2020=100),Gross domestic product,Poland,2023,77,,
ESTAT:TEC00114(1.0),27/03/25 11:00:00,Annual,Volume indices of real expenditure per capita (in PPS_EU27_2020=100),Gross domestic product,Poland,2024,79,p,
ESTAT:TEC00114(1.0),27/03/25 11:00:00,Annual,Volume indices of real expenditure per capita (in PPS_EU27_2020=100),Gross domestic product,Portugal,2013,77,,
ESTAT:TEC00114(1.0),27/03/25 11:00:00,Annual,Volume indices of real expenditure per capita (in PPS_EU27_2020=100),Gross domestic product,Portugal,2014,77,,
ESTAT:TEC00114(1.0),27/03/25 11:00:00,Annual,Volume indices of real expenditure per capita (in PPS_EU27_2020=100),Gross domestic product,Portugal,2015,76,,
ESTAT:TEC00114(1.0),27/03/25 11:00:00,Annual,Volume indices of real expenditure per capita (in PPS_EU27_2020=100),Gross domestic product,Portugal,2016,77,,
ESTAT:TEC00114(1.0),27/03/25 11:00:00,Annual,Volume indices of real expenditure per capita (in PPS_EU27_2020=100),Gross domestic product,Portugal,2017,76,,
ESTAT:TEC00114(1.0),27/03/25 11:00:00,Annual,Volume indices of real expenditure per capita (in PPS_EU27_2020=100),Gross domestic product,Portugal,2018,77,,
ESTAT:TEC00114(1.0),27/03/25 11:00:00,Annual,Volume indices of real expenditure per capita (in PPS_EU27_2020=100),Gross domestic product,Portugal,2019,77,,
ESTAT:TEC00114(1.0),27/03/25 11:00:00,Annual,Volume indices of real expenditure per capita (in PPS_EU27_2020=100),Gross domestic product,Portugal,2020,75,,
ESTAT:TEC00114(1.0),27/03/25 11:00:00,Annual,Volume indices of real expenditure per capita (in PPS_EU27_2020=100),Gross domestic product,Portugal,2021,74,,
ESTAT:TEC00114(1.0),27/03/25 11:00:00,Annual,Volume indices of real expenditure per capita (in PPS_EU27_2020=100),Gross domestic product,Portugal,2022,77,,
ESTAT:TEC00114(1.0),27/03/25 11:00:00,Annual,Volume indices of real expenditure per capita (in PPS_EU27_2020=100),Gross domestic product,Portugal,2023,81,e,
ESTAT:TEC00114(1.0),27/03/25 11:00:00,Annual,Volume indices of real expenditure per capita (in PPS_EU27_2020=100),Gross domestic product,Portugal,2024,82,p,
ESTAT:TEC00114(1.0),27/03/25 11:00:00,Annual,Volume indices of real expenditure per capita (in PPS_EU27_2020=100),Gross domestic product,Romania,2013,54,,
ESTAT:TEC00114(1.0),27/03/25 11:00:00,Annual,Volume indices of real expenditure per capita (in PPS_EU27_2020=100),Gross domestic product,Romania,2014,55,,
ESTAT:TEC00114(1.0),27/03/25 11:00:00,Annual,Volume indices of real expenditure per capita (in PPS_EU27_2020=100),Gross domestic product,Romania,2015,56,,
ESTAT:TEC00114(1.0),27/03/25 11:00:00,Annual,Volume indices of real expenditure per capita (in PPS_EU27_2020=100),Gross domestic product,Romania,2016,58,,
ESTAT:TEC00114(1.0),27/03/25 11:00:00,Annual,Volume indices of real expenditure per capita (in PPS_EU27_2020=100),Gross domestic product,Romania,2017,63,,
ESTAT:TEC00114(1.0),27/03/25 11:00:00,Annual,Volume indices of real expenditure per capita (in PPS_EU27_2020=100),Gross domestic product,Romania,2018,66,,
ESTAT:TEC00114(1.0),27/03/25 11:00:00,Annual,Volume indices of real expenditure per capita (in PPS_EU27_2020=100),Gross domestic product,Romania,2019,69,,
ESTAT:TEC00114(1.0),27/03/25 11:00:00,Annual,Volume indices of real expenditure per capita (in PPS_EU27_2020=100),Gross domestic product,Romania,2020,72,,
ESTAT:TEC00114(1.0),27/03/25 11:00:00,Annual,Volume indices of real expenditure per capita (in PPS_EU27_2020=100),Gross domestic product,Romania,2021,72,,
ESTAT:TEC00114(1.0),27/03/25 11:00:00,Annual,Volume indices of real expenditure per capita (in PPS_EU27_2020=100),Gross domestic product,Romania,2022,74,,
ESTAT:TEC00114(1.0),27/03/25 11:00:00,Annual,Volume indices of real expenditure per capita (in PPS_EU27_2020=100),Gross domestic product,Romania,2023,78,p,
ESTAT:TEC00114(1.0),27/03/25 11:00:00,Annual,Volume indices of real expenditure per capita (in PPS_EU27_2020=100),Gross domestic product,Romania,2024,79,p,
ESTAT:TEC00114(1.0),27/03/25 11:00:00,Annual,Volume indices of real expenditure per capita (in PPS_EU27_2020=100),Gross domestic product,Serbia,2013,42,,
ESTAT:TEC00114(1.0),27/03/25 11:00:00,Annual,Volume indices of real expenditure per capita (in PPS_EU27_2020=100),Gross domestic product,Serbia,2014,41,,
ESTAT:TEC00114(1.0),27/03/25 11:00:00,Annual,Volume indices of real expenditure per capita (in PPS_EU27_2020=100),Gross domestic product,Serbia,2015,40,,
ESTAT:TEC00114(1.0),27/03/25 11:00:00,Annual,Volume indices of real expenditure per capita (in PPS_EU27_2020=100),Gross domestic product,Serbia,2016,40,,
ESTAT:TEC00114(1.0),27/03/25 11:00:00,Annual,Volume indices of real expenditure per capita (in PPS_EU27_2020=100),Gross domestic product,Serbia,2017,40,,
ESTAT:TEC00114(1.0),27/03/25 11:00:00,Annual,Volume indices of real expenditure per capita (in PPS_EU27_2020=100),Gross domestic product,Serbia,2018,41,,
ESTAT:TEC00114(1.0),27/03/25 11:00:00,Annual,Volume indices of real expenditure per capita (in PPS_EU27_2020=100),Gross domestic product,Serbia,2019,42,,
ESTAT:TEC00114(1.0),27/03/25 11:00:00,Annual,Volume indices of real expenditure per capita (in PPS_EU27_2020=100),Gross domestic product,Serbia,2020,44,,
ESTAT:TEC00114(1.0),27/03/25 11:00:00,Annual,Volume indices of real expenditure per capita (in PPS_EU27_2020=100),Gross domestic product,Serbia,2021,45,,
ESTAT:TEC00114(1.0),27/03/25 11:00:00,Annual,Volume indices of real expenditure per capita (in PPS_EU27_2020=100),Gross domestic product,Serbia,2022,46,,
ESTAT:TEC00114(1.0),27/03/25 11:00:00,Annual,Volume indices of real expenditure per capita (in PPS_EU27_2020=100),Gross domestic product,Serbia,2023,49,p,
ESTAT:TEC00114(1.0),27/03/25 11:00:00,Annual,Volume indices of real expenditure per capita (in PPS_EU27_2020=100),Gross domestic product,Sweden,2013,127,,
ESTAT:TEC00114(1.0),27/03/25 11:00:00,Annual,Volume indices of real expenditure per capita (in PPS_EU27_2020=100),Gross domestic product,Sweden,2014,125,,
ESTAT:TEC00114(1.0),27/03/25 11:00:00,Annual,Volume indices of real expenditure per capita (in PPS_EU27_2020=100),Gross domestic product,Sweden,2015,126,,
ESTAT:TEC00114(1.0),27/03/25 11:00:00,Annual,Volume indices of real expenditure per capita (in PPS_EU27_2020=100),Gross domestic product,Sweden,2016,123,,
ESTAT:TEC00114(1.0),27/03/25 11:00:00,Annual,Volume indices of real expenditure per capita (in PPS_EU27_2020=100),Gross domestic product,Sweden,2017,119,,
ESTAT:TEC00114(1.0),27/03/25 11:00:00,Annual,Volume indices of real expenditure per capita (in PPS_EU27_2020=100),Gross domestic product,Sweden,2018,118,,
ESTAT:TEC00114(1.0),27/03/25 11:00:00,Annual,Volume indices of real expenditure per capita (in PPS_EU27_2020=100),Gross domestic product,Sweden,2019,117,,
ESTAT:TEC00114(1.0),27/03/25 11:00:00,Annual,Volume indices of real expenditure per capita (in PPS_EU27_2020=100),Gross domestic product,Sweden,2020,121,,
ESTAT:TEC00114(1.0),27/03/25 11:00:00,Annual,Volume indices of real expenditure per capita (in PPS_EU27_2020=100),Gross domestic product,Sweden,2021,121,,
ESTAT:TEC00114(1.0),27/03/25 11:00:00,Annual,Volume indices of real expenditure per capita (in PPS_EU27_2020=100),Gross domestic product,Sweden,2022,115,,
ESTAT:TEC00114(1.0),27/03/25 11:00:00,Annual,Volume indices of real expenditure per capita (in PPS_EU27_2020=100),Gross domestic product,Sweden,2023,114,,
ESTAT:TEC00114(1.0),27/03/25 11:00:00,Annual,Volume indices of real expenditure per capita (in PPS_EU27_2020=100),Gross domestic product,Sweden,2024,114,p,
ESTAT:TEC00114(1.0),27/03/25 11:00:00,Annual,Volume indices of real expenditure per capita (in PPS_EU27_2020=100),Gross domestic product,Slovenia,2013,82,,
ESTAT:TEC00114(1.0),27/03/25 11:00:00,Annual,Volume indices of real expenditure per capita (in PPS_EU27_2020=100),Gross domestic product,Slovenia,2014,82,,
ESTAT:TEC00114(1.0),27/03/25 11:00:00,Annual,Volume indices of real expenditure per capita (in PPS_EU27_2020=100),Gross domestic product,Slovenia,2015,81,,
ESTAT:TEC00114(1.0),27/03/25 11:00:00,Annual,Volume indices of real expenditure per capita (in PPS_EU27_2020=100),Gross domestic product,Slovenia,2016,82,,
ESTAT:TEC00114(1.0),27/03/25 11:00:00,Annual,Volume indices of real expenditure per capita (in PPS_EU27_2020=100),Gross domestic product,Slovenia,2017,84,,
ESTAT:TEC00114(1.0),27/03/25 11:00:00,Annual,Volume indices of real expenditure per capita (in PPS_EU27_2020=100),Gross domestic product,Slovenia,2018,86,,
ESTAT:TEC00114(1.0),27/03/25 11:00:00,Annual,Volume indices of real expenditure per capita (in PPS_EU27_2020=100),Gross domestic product,Slovenia,2019,87,,
ESTAT:TEC00114(1.0),27/03/25 11:00:00,Annual,Volume indices of real expenditure per capita (in PPS_EU27_2020=100),Gross domestic product,Slovenia,2020,88,,
ESTAT:TEC00114(1.0),27/03/25 11:00:00,Annual,Volume indices of real expenditure per capita (in PPS_EU27_2020=100),Gross domestic product,Slovenia,2021,88,,
ESTAT:TEC00114(1.0),27/03/25 11:00:00,Annual,Volume indices of real expenditure per capita (in PPS_EU27_2020=100),Gross domestic product,Slovenia,2022,89,,
ESTAT:TEC00114(1.0),27/03/25 11:00:00,Annual,Volume indices of real expenditure per capita (in PPS_EU27_2020=100),Gross domestic product,Slovenia,2023,92,,
ESTAT:TEC00114(1.0),27/03/25 11:00:00,Annual,Volume indices of real expenditure per capita (in PPS_EU27_2020=100),Gross domestic product,Slovenia,2024,91,p,
ESTAT:TEC00114(1.0),27/03/25 11:00:00,Annual,Volume indices of real expenditure per capita (in PPS_EU27_2020=100),Gross domestic product,Slovakia,2013,77,,
ESTAT:TEC00114(1.0),27/03/25 11:00:00,Annual,Volume indices of real expenditure per capita (in PPS_EU27_2020=100),Gross domestic product,Slovakia,2014,78,,
ESTAT:TEC00114(1.0),27/03/25 11:00:00,Annual,Volume indices of real expenditure per capita (in PPS_EU27_2020=100),Gross domestic product,Slovakia,2015,78,,
ESTAT:TEC00114(1.0),27/03/25 11:00:00,Annual,Volume indices of real expenditure per capita (in PPS_EU27_2020=100),Gross domestic product,Slovakia,2016,73,,
ESTAT:TEC00114(1.0),27/03/25 11:00:00,Annual,Volume indices of real expenditure per capita (in PPS_EU27_2020=100),Gross domestic product,Slovakia,2017,70,,
ESTAT:TEC00114(1.0),27/03/25 11:00:00,Annual,Volume indices of real expenditure per capita (in PPS_EU27_2020=100),Gross domestic product,Slovakia,2018,70,,
ESTAT:TEC00114(1.0),27/03/25 11:00:00,Annual,Volume indices of real expenditure per capita (in PPS_EU27_2020=100),Gross domestic product,Slovakia,2019,70,,
ESTAT:TEC00114(1.0),27/03/25 11:00:00,Annual,Volume indices of real expenditure per capita (in PPS_EU27_2020=100),Gross domestic product,Slovakia,2020,74,,
ESTAT:TEC00114(1.0),27/03/25 11:00:00,Annual,Volume indices of real expenditure per capita (in PPS_EU27_2020=100),Gross domestic product,Slovakia,2021,74,,
ESTAT:TEC00114(1.0),27/03/25 11:00:00,Annual,Volume indices of real expenditure per capita (in PPS_EU27_2020=100),Gross domestic product,Slovakia,2022,71,,
ESTAT:TEC00114(1.0),27/03/25 11:00:00,Annual,Volume indices of real expenditure per capita (in PPS_EU27_2020=100),Gross domestic product,Slovakia,2023,74,,
ESTAT:TEC00114(1.0),27/03/25 11:00:00,Annual,Volume indices of real expenditure per capita (in PPS_EU27_2020=100),Gross domestic product,Slovakia,2024,75,p,
ESTAT:TEC00114(1.0),27/03/25 11:00:00,Annual,Volume indices of real expenditure per capita (in PPS_EU27_2020=100),Gross domestic product,Türkiye,2013,62,,
ESTAT:TEC00114(1.0),27/03/25 11:00:00,Annual,Volume indices of real expenditure per capita (in PPS_EU27_2020=100),Gross domestic product,Türkiye,2014,64,,
ESTAT:TEC00114(1.0),27/03/25 11:00:00,Annual,Volume indices of real expenditure per capita (in PPS_EU27_2020=100),Gross domestic product,Türkiye,2015,67,,
ESTAT:TEC00114(1.0),27/03/25 11:00:00,Annual,Volume indices of real expenditure per capita (in PPS_EU27_2020=100),Gross domestic product,Türkiye,2016,65,,
ESTAT:TEC00114(1.0),27/03/25 11:00:00,Annual,Volume indices of real expenditure per capita (in PPS_EU27_2020=100),Gross domestic product,Türkiye,2017,65,,
ESTAT:TEC00114(1.0),27/03/25 11:00:00,Annual,Volume indices of real expenditure per capita (in PPS_EU27_2020=100),Gross domestic product,Türkiye,2018,63,,
ESTAT:TEC00114(1.0),27/03/25 11:00:00,Annual,Volume indices of real expenditure per capita (in PPS_EU27_2020=100),Gross domestic product,Türkiye,2019,59,,
ESTAT:TEC00114(1.0),27/03/25 11:00:00,Annual,Volume indices of real expenditure per capita (in PPS_EU27_2020=100),Gross domestic product,Türkiye,2020,60,,
ESTAT:TEC00114(1.0),27/03/25 11:00:00,Annual,Volume indices of real expenditure per capita (in PPS_EU27_2020=100),Gross domestic product,Türkiye,2021,60,,
ESTAT:TEC00114(1.0),27/03/25 11:00:00,Annual,Volume indices of real expenditure per capita (in PPS_EU27_2020=100),Gross domestic product,Türkiye,2022,68,,
ESTAT:TEC00114(1.0),27/03/25 11:00:00,Annual,Volume indices of real expenditure per capita (in PPS_EU27_2020=100),Gross domestic product,Türkiye,2023,72,,
ESTAT:TEC00114(1.0),27/03/25 11:00:00,Annual,Volume indices of real expenditure per capita (in PPS_EU27_2020=100),Gross domestic product,United Kingdom,2013,110,,
ESTAT:TEC00114(1.0),27/03/25 11:00:00,Annual,Volume indices of real expenditure per capita (in PPS_EU27_2020=100),Gross domestic product,United Kingdom,2014,110,,
ESTAT:TEC00114(1.0),27/03/25 11:00:00,Annual,Volume indices of real expenditure per capita (in PPS_EU27_2020=100),Gross domestic product,United Kingdom,2015,110,,
ESTAT:TEC00114(1.0),27/03/25 11:00:00,Annual,Volume indices of real expenditure per capita (in PPS_EU27_2020=100),Gross domestic product,United Kingdom,2016,108,,
ESTAT:TEC00114(1.0),27/03/25 11:00:00,Annual,Volume indices of real expenditure per capita (in PPS_EU27_2020=100),Gross domestic product,United Kingdom,2017,107,,
ESTAT:TEC00114(1.0),27/03/25 11:00:00,Annual,Volume indices of real expenditure per capita (in PPS_EU27_2020=100),Gross domestic product,United Kingdom,2018,104,,
ESTAT:TEC00114(1.0),27/03/25 11:00:00,Annual,Volume indices of real expenditure per capita (in PPS_EU27_2020=100),Gross domestic product,United Kingdom,2019,103,,
ESTAT:TEC00114(1.0),27/03/25 11:00:00,Annual,Volume indices of real expenditure per capita (in PPS_EU27_2020=100),Gross domestic product,United Kingdom,2020,101,,
ESTAT:TEC00114(1.0),27/03/25 11:00:00,Annual,Volume indices of real expenditure per capita (in PPS_EU27_2020=100),Gross domestic product,United Kingdom,2021,98,,
ESTAT:TEC00114(1.0),27/03/25 11:00:00,Annual,Volume indices of real expenditure per capita (in PPS_EU27_2020=100),Gross domestic product,United Kingdom,2022,102,,
ESTAT:TEC00114(1.0),27/03/25 11:00:00,Annual,Volume indices of real expenditure per capita (in PPS_EU27_2020=100),Gross domestic product,United Kingdom,2023,99,,
ESTAT:TEC00114(1.0),27/03/25 11:00:00,Annual,Volume indices of real expenditure per capita (in PPS_EU27_2020=100),Gross domestic product,United States,2013,146,,
ESTAT:TEC00114(1.0),27/03/25 11:00:00,Annual,Volume indices of real expenditure per capita (in PPS_EU27_2020=100),Gross domestic product,United States,2014,147,,
ESTAT:TEC00114(1.0),27/03/25 11:00:00,Annual,Volume indices of real expenditure per capita (in PPS_EU27_2020=100),Gross domestic product,United States,2015,147,,
ESTAT:TEC00114(1.0),27/03/25 11:00:00,Annual,Volume indices of real expenditure per capita (in PPS_EU27_2020=100),Gross domestic product,United States,2016,141,,
ESTAT:TEC00114(1.0),27/03/25 11:00:00,Annual,Volume indices of real expenditure per capita (in PPS_EU27_2020=100),Gross domestic product,United States,2017,139,,
ESTAT:TEC00114(1.0),27/03/25 11:00:00,Annual,Volume indices of real expenditure per capita (in PPS_EU27_2020=100),Gross domestic product,United States,2018,139,,
ESTAT:TEC00114(1.0),27/03/25 11:00:00,Annual,Volume indices of real expenditure per capita (in PPS_EU27_2020=100),Gross domestic product,United States,2019,134,,
ESTAT:TEC00114(1.0),27/03/25 11:00:00,Annual,Volume indices of real expenditure per capita (in PPS_EU27_2020=100),Gross domestic product,United States,2020,135,,
ESTAT:TEC00114(1.0),27/03/25 11:00:00,Annual,Volume indices of real expenditure per capita (in PPS_EU27_2020=100),Gross domestic product,United States,2021,137,,
ESTAT:TEC00114(1.0),27/03/25 11:00:00,Annual,Volume indices of real expenditure per capita (in PPS_EU27_2020=100),Gross domestic product,United States,2022,136,,
ESTAT:TEC00114(1.0),27/03/25 11:00:00,Annual,Volume indices of real expenditure per capita (in PPS_EU27_2020=100),Gross domestic product,United States,2023,141,,
